f0,f1,f2,f3,f4,f5,f6,f7,f8,f9,f10,f11,f12,f13,f14,f15,f16,f17,f18,f19,f20,f21,f22,f23,f24,f25,f26,f27,f28,f29,f30,f31,f32,f33,f34,f35,f36,f37,f38,f39,f40,f41,f42,f43,f44,f45,f46,f47,f48,f49,f50,f51,f52,f53,f54,f55,f56,f57,f58,f59,f60,f61,f62,label
0.0,0.0,0.0,-0.25737066686433224,-0.10987945651037088,-0.09949185785708932,-0.5282368900408959,-0.44980024195554014,-0.13301511138725286,-0.5947604912698609,-0.7768774026555016,-0.17640054133223318,-0.4046682455226398,-0.9020722096923464,-0.18952487474865493,-0.3936481959656133,-0.9130930612741478,0.05802885491081958,-0.5158948745049027,-1.0523817351052973,-0.07564182513696387,-0.4713155877168746,-0.7517556952063569,-0.12572560846130684,-0.41495799423463836,-0.7146457797219166,-0.1439523232425293,-0.21779624382159987,-0.9759942603198044,0.04169327158319237,-0.3438025853556729,-1.08697592802082,-0.11563625136806485,-0.3052868350158051,-0.6975615062669226,-0.10703882505764839,-0.23590435918923436,-0.6924232772590582,-0.04792193336626461,-0.03215844367415925,-0.9736113301386163,-0.014693118706000626,-0.14535919935234828,-1.0334483362442934,-0.17290153638929132,-0.13600415322800882,-0.6802350213299095,-0.10521817869208276,-0.07554890059585367,-0.6866195968379646,-0.0059191269994372546,0.16964359293650014,-0.9333760386813684,-0.08508661210486596,0.05133737669124965,-1.025937145077443,-0.14332804720836848,0.032233375703128245,-0.8034145692573726,-0.08361771805151227,0.07960027145876418,-0.7835678933276962,-0.014365490690338085,G
0.0,0.0,0.0,-0.23079078712891818,-0.12565823158989878,-0.12953107664267174,-0.3882890481109232,-0.40875338301023634,-0.2148941154566947,-0.2690670037513664,-0.6653008342482367,-0.30263802666951417,-0.10477818903033108,-0.8255124482547375,-0.3826873468569338,-0.34851593086895977,-0.9527721693340881,-0.14515088101308524,-0.47176464672107754,-1.352150175151976,-0.26511114296332094,-0.5354877325720361,-1.6050515789494,-0.3369058583027685,-0.581389448680013,-1.8250776559333195,-0.38183485930630034,-0.14879311309858592,-0.9888683479080678,-0.1695583707651471,-0.16481573079995662,-1.4603784729804703,-0.29990213959788287,-0.1598457736133468,-1.7675346911026577,-0.3730661913365247,-0.14440346968398743,-2.030015133541695,-0.40487676373678166,0.03852599426119985,-0.9044236473638169,-0.20842877463048695,0.014946499729469792,-0.9884866205979614,-0.37429773079631934,-0.04948311262262196,-0.7031763475208854,-0.38711521816544897,-0.0815687272726174,-0.5004058895151424,-0.3462849038283717,0.2023185634790969,-0.7512141920040875,-0.2589400962410752,0.15721119321874008,-0.8142486241354843,-0.3742856501198868,0.0814570775507019,-0.6048486880764783,-0.3526833872124047,0.03547592685796295,-0.44143056466508446,-0.3067193646020051,C
0.0,0.0,0.0,-0.264185649465812,-0.1342878778578211,-0.11605554809874168,-0.48980892189780517,-0.3977668734081194,-0.17852966807905057,-0.6562956390364245,-0.6382002282512633,-0.2329227364514051,-0.8083577213541732,-0.805719102705215,-0.2875797794868633,-0.30411363680276404,-0.9282263357343551,-0.09831508910266487,-0.4193680524935046,-1.3023040815162068,-0.18541860377024366,-0.4769192021187193,-1.5388621196448113,-0.2598264787180426,-0.5091580041931586,-1.7481775643190298,-0.3169257372372055,-0.11534852162415349,-0.9933250820145046,-0.11374429939137486,-0.19025448122979358,-1.4293230280059344,-0.18632356767785804,-0.23410827590765967,-1.7045394827853337,-0.2564554237060602,-0.26814690767205285,-1.933020954377582,-0.3106610053429252,0.07791928315841591,-0.9596422480257547,-0.14700165585441308,0.0742869660116617,-1.3746488772422845,-0.23720093076501053,0.05315567203215316,-1.6484025004060636,-0.3079300801605365,0.022817895754145973,-1.884382582002977,-0.35841700030820367,0.2701257105184746,-0.844381816430595,-0.1893157549950186,0.35640581169704866,-1.1344822633040084,-0.2724302013267763,0.3906150373224689,-1.3382868172497473,-0.315125800120387,0.40090631609996685,-1.5299971473489604,-0.34522420248729,G
0.0,0.0,0.0,-0.19959303303410994,-0.42821527113150365,-0.15137323216565143,-0.2804445101307643,-0.9588701014902885,-0.21853887535678354,-0.30189460646911737,-1.3431900428055592,-0.2610020390223413,-0.2883255481635416,-1.6617577048084307,-0.2706811617170624,0.13358418211983936,-1.1964224795005292,-0.16548690741447009,-0.32272991462407236,-0.9747860112212888,-0.32776950440002595,-0.3210352851514348,-0.742465753890958,-0.4213796123569412,-0.1740948980570718,-0.7334365647707858,-0.4764692103458797,0.2879400076627529,-0.9576484490600785,-0.16436549961305305,-0.23592592171616208,-0.6601057232118411,-0.29930177172268,-0.2078806509855078,-0.5004673643579792,-0.3231094782796672,-0.06852975570539509,-0.5443044942261839,-0.33191672886563267,0.378780016684873,-0.6329506657707472,-0.18749094498351426,-0.11187341559172556,-0.3604377429233951,-0.31854665700208346,-0.0871141193915355,-0.26847499405879394,-0.27732528007974194,0.03252693996802951,-0.331406625185763,-0.23429422290721985,0.43018614542788136,-0.2861614937579806,-0.2293755075812468,0.04074378896853843,-0.09055584026179389,-0.334631052850234,0.04859559040770525,-0.06611049589392574,-0.3306839760932224,0.1589462439789521,-0.14145019199702247,-0.3051345404577696,G
0.0,0.0,0.0,-0.27663626090560134,-0.1581845974231317,-0.13481624673738166,-0.5042375313057906,-0.421585000277506,-0.2267732185838931,-0.6879050298894342,-0.655903362972914,-0.307535212714672,-0.8611693803026579,-0.8124714365387452,-0.3923455744208692,-0.29455739378914353,-0.9506270042544883,-0.17100582779218945,-0.39314605830633936,-1.3629747563117514,-0.29246066173216584,-0.4478356310575618,-1.6174290066203736,-0.38730604829071613,-0.48347740278227513,-1.845479275300316,-0.45673797507126757,-0.09272708571953216,-0.9956915624700065,-0.19330381335516428,-0.13406223799663358,-1.462935450329713,-0.30471190437882467,-0.17222850065269288,-1.7590383822476419,-0.39627525765134075,-0.20932618425049376,-2.025028192753027,-0.4624203555451148,0.10356980353095574,-0.9378612776388318,-0.23081210333298308,0.13149071224669898,-1.3865543729467933,-0.3498678499463586,0.13123104536803903,-1.6815378978573436,-0.4264618845148238,0.11826070645400602,-1.9497922072899407,-0.4780897777700936,0.2898970452431772,-0.7992843473086354,-0.27712289458457395,0.38480984115002737,-1.1201088449018566,-0.38048231483998773,0.434470589817953,-1.3363701722655421,-0.42112576267090923,0.4618103909362945,-1.5424037024645139,-0.44680650268242017,G
0.0,0.0,0.0,-0.2187744464590345,-0.1741695966728428,-0.11293219329497223,-0.4179286385239594,-0.48116383460664774,-0.1749188330048132,-0.44036639684029927,-0.8083669916490246,-0.24359137342922974,-0.28659789749392145,-1.0301356603667926,-0.2805139851737126,-0.3417042879417909,-0.942035028900889,0.027110817097807167,-0.4431056499782637,-1.1333344119980902,-0.14535937626931356,-0.42289982284596983,-0.8365268088342668,-0.2193489861312988,-0.37115179432464873,-0.7553005920116371,-0.24287238488770457,-0.1557816137476742,-0.9877915209284651,0.010463878817537112,-0.2526891450305914,-1.148793342010692,-0.17118122829555368,-0.2454446446112758,-0.7592930469195012,-0.1807974231727884,-0.1891944607848815,-0.7247704182428268,-0.13112824327921205,0.03714914360265688,-0.961156523736927,-0.04659814946298054,-0.04562734255688796,-1.0729207631912263,-0.23156734662132697,-0.06719625553911446,-0.7082086040763012,-0.16697148772780843,-0.024321485402619147,-0.6846460799277625,-0.06531941547058404,0.23971259628055233,-0.8841211239926104,-0.11684294124316354,0.14402901191505849,-0.985427586141782,-0.20186689279449715,0.1015975836079602,-0.7457342552518849,-0.14208301117521402,0.12755448661730362,-0.706460210413266,-0.06567613736838583,G
0.0,0.0,0.0,-0.23015590605986957,-0.15085031031424054,-0.12114081769821164,-0.4126838950378992,-0.433820874907386,-0.21051601869478515,-0.3769001633205859,-0.7196148786547112,-0.30341803414130647,-0.2504096670694311,-0.9572312401455642,-0.3900894547257841,-0.3570591652407824,-0.977486642825869,-0.12010795028958733,-0.47210346402047837,-1.4047347371256431,-0.26255693728583324,-0.529045751851334,-1.664860397965232,-0.3547289809047666,-0.5665898236543083,-1.9038208187461096,-0.42122664261287235,-0.15185172946768744,-0.9884032842203997,-0.14438780619280692,-0.24617861251501993,-1.1228708931379112,-0.3540904003011503,-0.2565192620030248,-0.7932928270921172,-0.4026596396610107,-0.22433336898197118,-0.6276236240263898,-0.3931400307535266,0.044882574550165595,-0.926289968072366,-0.18831538276134888,-0.027195683010036484,-1.028835992958504,-0.37802519753500086,-0.08020663845933933,-0.7269615897556192,-0.3297664098389286,-0.07279121171160222,-0.6002361000637726,-0.25360766238392024,0.23589518697864065,-0.8086569890547901,-0.2458351575917288,0.1696225807401196,-0.9460444266515554,-0.35625007679513254,0.08823511196752379,-0.7169799971116254,-0.30328696432177893,0.06866710027990111,-0.5861456400735517,-0.23748770159500054,G
0.0,0.0,0.0,-0.24722863851646237,-0.1495101027085321,-0.11507085244961748,-0.3984508294600088,-0.4313937144256299,-0.19562238888727626,-0.3453013530389774,-0.6974216563490574,-0.2842447405191563,-0.24278142872509192,-0.893176995022764,-0.36564793732716183,-0.3472307067972605,-0.9479689808438787,-0.1185939613255638,-0.4623250977181783,-1.3118353137296017,-0.24442912196527025,-0.5367737777508929,-1.5594736818046664,-0.32723346256170077,-0.5866469888380879,-1.7768443588932834,-0.38181665576605844,-0.1651776852000338,-0.9862638249028292,-0.15756227520028188,-0.22831756007789825,-1.4457912923371405,-0.2937111935153691,-0.2652877128989024,-1.7311202908465284,-0.3796080608206507,-0.27627174200812255,-1.9835038232399669,-0.42546357114226563,0.025552266008810425,-0.9035570349552113,-0.21104198455540862,-0.01412091232533971,-1.0979297748444805,-0.392054536038588,-0.0986136338521407,-0.8270099919296875,-0.41133766485216067,-0.1450132899412914,-0.6058898012057751,-0.3763615909395146,0.20105567476047428,-0.7429821019097972,-0.27381518177878433,0.15871717815275374,-0.9190984777524186,-0.40317573084296054,0.0660020339199335,-0.7546071540918019,-0.38666781558377483,-0.0005025387464862449,-0.5852946905140237,-0.34487924427584643,G
0.0,0.0,0.0,-0.23961506730565257,-0.12025386439478354,-0.13001997712171315,-0.3791811056474049,-0.34499802673997826,-0.1854217905620064,-0.27592328082973444,-0.6084324423884567,-0.2231763024919862,-0.11557311110233642,-0.8028985262749032,-0.2603583398869609,-0.36841795471979233,-0.8966588358922135,-0.11736499725125532,-0.4949624274697139,-1.2961452092583112,-0.19344126151836796,-0.5563598228606478,-1.5378291607038521,-0.24983784784909452,-0.6047390108971697,-1.7582203127397016,-0.29701363249553325,-0.1947294956339924,-0.9808569842388497,-0.14130079510020502,-0.26041955800565036,-1.4645564081301299,-0.22336911254504543,-0.29912996073344766,-1.7521157717265552,-0.2930464259459154,-0.34189858349216123,-1.9997668912858253,-0.341794967626058,-0.041294356531811294,-0.9414493274669508,-0.18339826886350313,-0.043704521549396615,-1.3482332556892633,-0.30233722589140366,-0.0673847129291764,-1.61243870166014,-0.3953659120035282,-0.09744555540488875,-1.8613944964566573,-0.45479419963663714,0.10983934048922174,-0.7767934775888303,-0.2329036208294733,0.039346368939003715,-1.0353422874623082,-0.3257657593546037,-0.017313393013200215,-0.9157334145417944,-0.33264188165097497,-0.05603387045325423,-0.7485718997694883,-0.33675708677309346,C
0.0,0.0,0.0,-0.22879388125568945,-0.17123835973003096,-0.09030021749632557,-0.37702946346795446,-0.45690982459607593,-0.14226193263220527,-0.26840300995713035,-0.7246225811567429,-0.19205567102751167,-0.08393293636518759,-0.8557685761626603,-0.24265016005302562,-0.33370457816499155,-0.9118659838156993,-0.07553302703688615,-0.4667377740458612,-1.2617340445521632,-0.14948486459083513,-0.5343352998129015,-1.4790511680112903,-0.21052556954295798,-0.5779729592405716,-1.6626425417966337,-0.2601432503157241,-0.16494886304982428,-0.9863021203356354,-0.10014529621653426,-0.24823787568577083,-1.4108742281782298,-0.16295029158679086,-0.2979926150574028,-1.6701328956318882,-0.2252290322744883,-0.3354168210139357,-1.8766210947002528,-0.27224382144272785,0.007361725476468696,-0.9484789318862727,-0.13983619824675117,0.0012911706835570709,-1.3476539762864674,-0.21778886891205787,-0.015815423615821538,-1.5961123577301568,-0.29018977442833255,-0.03994751120760856,-1.803870615228661,-0.34143177919842593,0.18442100715112933,-0.8278044190917259,-0.1878674544493323,0.2595845389948377,-1.1096841818890932,-0.26235026273318957,0.2846864218570451,-1.3042233342325877,-0.3065619604216115,0.29027843223915467,-1.478694898734866,-0.3384687819473517,G
0.0,0.0,0.0,-0.2634644403856466,-0.14135068091142633,-0.08217025020916105,-0.48378058177520683,-0.41917962722431157,-0.12160952768810772,-0.6341315672021701,-0.6530117882321689,-0.15892851668088126,-0.7818864625799362,-0.8223704025134622,-0.19642275627729763,-0.32094072449939137,-0.9224318181391976,-0.05517844092687009,-0.45576559324894367,-1.2878167078609752,-0.12559194300011847,-0.5234042076375977,-1.5143359917595838,-0.18648788995097806,-0.5674715445065874,-1.7117681108643086,-0.2341346292918839,-0.1431968493366288,-0.9896942266882548,-0.080805862073267,-0.22936583199987054,-1.4227337086528777,-0.13969439655577373,-0.2748906811784729,-1.6930624012028155,-0.20195006927354864,-0.30917500618114857,-1.9127280156717272,-0.2504686132528084,0.04193833967414015,-0.9623287275596408,-0.12192637424309903,0.015466977866442983,-1.3680616417020177,-0.19684899666354233,-0.01062153795446104,-1.63151612186687,-0.26175823820468347,-0.044543559925732515,-1.8543827022936519,-0.3103172455809214,0.23003046923331144,-0.857561315113048,-0.1701236492255824,0.3132873323417266,-1.1406062008010152,-0.23960084515250543,0.34722055956139203,-1.3423700821806994,-0.27834439213062173,0.3571187364806439,-1.5281618157455135,-0.307491837010773,G
0.0,0.0,0.0,-0.2408157324444348,-0.20731020194291447,-0.09767094172127912,-0.4522907810732779,-0.5356993912364336,-0.15770889483124226,-0.43494551679993626,-0.8875727438214822,-0.23148734473767604,-0.21713064599362397,-1.0506184640933138,-0.2746602658962464,-0.370834737922176,-0.9499278651053328,0.01876791739406401,-0.4914306597217938,-1.2612006914215426,-0.15196769558286916,-0.45919937398013494,-0.9355116874524917,-0.22267420214839959,-0.398470762266543,-0.8229961348693832,-0.24249618080583374,-0.18846545120118657,-0.9820798204339264,-0.005196283619372907,-0.28433011672769476,-1.2728281453424761,-0.1857773555139423,-0.27147363166029836,-0.8841008577377758,-0.19429581277045943,-0.22265874805169275,-0.7883700622833153,-0.1427261746656005,0.0022960960329170064,-0.9568919420808516,-0.06613713941882254,-0.07605708911668409,-1.1888131061139686,-0.24102802217727967,-0.09766872411648442,-0.8223808519632874,-0.1788902921964942,-0.06415729105446814,-0.7286120676176742,-0.07671162819468656,0.20632754367155196,-0.8862137382928992,-0.13923917802702454,0.1155360108400862,-1.090239519473458,-0.20840631157161751,0.06638232025901415,-0.8566362437502107,-0.14485364930155,0.07789797968415492,-0.7507709880266572,-0.06781237462597509,G
0.0,0.0,0.0,-0.2571797219859187,-0.13665161208871854,-0.10069006091557607,-0.481581972568899,-0.39005538080325786,-0.152270270698792,-0.6353755508580928,-0.619225709080136,-0.19837233143703775,-0.7666108047339805,-0.7997952125382523,-0.24166615071554218,-0.31726174793211603,-0.9324103340509745,-0.06108470894196397,-0.42994882838425524,-1.2932888036625902,-0.13052708246947894,-0.48721068093596315,-1.511715745506573,-0.19387916041516465,-0.5218931782417822,-1.702307359513134,-0.2437124200984139,-0.14412368314079935,-0.989559681857507,-0.07778870933004702,-0.22390445281757593,-1.4089498071881974,-0.1374947198138356,-0.2662595287249536,-1.666676126638426,-0.1987246106442257,-0.2982490585459825,-1.8780468157852277,-0.2459803299547665,0.03174920661763228,-0.960382770665865,-0.11241321870913311,0.0009766065266321221,-1.3512875520860557,-0.18769382410174573,-0.031128899147862602,-1.604781569616144,-0.24742808838610356,-0.06933355045418424,-1.8253034274047735,-0.29133150829667326,0.21295984419526043,-0.8586368277277509,-0.1564345542101544,0.27488339518090893,-1.1446765691366867,-0.22672057933149628,0.2941382454160046,-1.342430917191806,-0.26248335700126657,0.2933176345795976,-1.5279432788553815,-0.28799559456966095,C
0.0,0.0,0.0,-0.24032218857073362,-0.14062834201710586,-0.1574683355810515,-0.40852062197216604,-0.3682686097196191,-0.2802261279362441,-0.39426988185372036,-0.604638640611366,-0.40128158747515136,-0.2982567609308103,-0.7993709506919008,-0.515583306905886,-0.31555458785570734,-1.0194129053127143,-0.19360672767437856,-0.39367638910068514,-1.5023645663813325,-0.36402647944001665,-0.4270005276610941,-1.796457733658005,-0.47382046417267004,-0.45060418720777395,-2.0559248029808663,-0.5495889250254453,-0.10727810851039662,-0.9942290517956269,-0.21649423985664693,-0.12398065841242592,-1.207617018143591,-0.49289575840133026,-0.14533859134117588,-0.8796726836047352,-0.573141119539144,-0.17165099552731927,-0.6181946306637821,-0.5642665517013166,0.08308207137932688,-0.9082499953095078,-0.25643252729005145,0.07471741440456849,-0.9517531702305981,-0.49664668389827044,-0.005927344383563864,-0.6234696013898383,-0.47630483688069675,-0.08781172463782536,-0.408684774796756,-0.4008925051348019,0.25354028252362015,-0.7759468332971162,-0.3110209803714364,0.22987283533042843,-0.7816984271021788,-0.45706176552934924,0.1320042968154478,-0.5410923165943488,-0.42690275437649794,0.03888526156085223,-0.38641619515224407,-0.3659936090511314,G
0.0,0.0,0.0,-0.2139747487537429,-0.12635819305824045,-0.12431873113227432,-0.34257746436496794,-0.382694572309884,-0.20356040949531615,-0.22342755528110667,-0.5609289707377484,-0.2867459046067895,-0.07007536855210718,-0.6886969955763536,-0.36290606867113395,-0.31199293001463496,-0.962608514107696,-0.1386810600319603,-0.4226652361006232,-1.3686808707755957,-0.2584409442995557,-0.48287791811842457,-1.6281391080541647,-0.32774806906869136,-0.5228948059019626,-1.8519101730516683,-0.3698817753985601,-0.12068777723366003,-0.9926905159345477,-0.16861625977548741,-0.1350315321672131,-1.4494500373431507,-0.29860979857269343,-0.1399349569608392,-1.7560280106792485,-0.37600944570942774,-0.1320562205599352,-2.0225755971896633,-0.4117478018586258,0.05262192518265309,-0.898636348852569,-0.21272619519571295,0.07358696028822827,-1.0002925219714833,-0.3880295757483371,0.006894942571866629,-0.712914072653175,-0.41362051272617145,-0.034405785932018054,-0.5037787305083412,-0.3794682940289869,0.1921846358298025,-0.7335174970540229,-0.26725584438647476,0.17324077548899802,-0.7455596653018883,-0.3981196751233208,0.0865284510862553,-0.5442930375418208,-0.39439248220839845,0.02161053475722631,-0.3908940132271977,-0.35856109004714565,C
0.0,0.0,0.0,-0.20689478718129675,-0.131657216475231,-0.11596694875043181,-0.3222002472066087,-0.3513306664630415,-0.17133949382471053,-0.21322523119207593,-0.5528478609088268,-0.21311895211104104,-0.05323242730058881,-0.7154843832143639,-0.25590759678491526,-0.3087879284381571,-0.9222698785516652,-0.10114958123621,-0.42175111037004204,-1.3056057935069236,-0.17026541540479445,-0.46545384125177397,-1.54284494825156,-0.2208639511866022,-0.4993080749567127,-1.7617887666779672,-0.2642238627508194,-0.1377629611894201,-0.9904652273171038,-0.130943235779236,-0.17866336238892083,-1.4543017860109804,-0.20831647318095892,-0.19118457780118525,-1.7350281457536572,-0.2724652864905217,-0.21328165261334436,-1.9825887709530274,-0.31666661209105895,0.011971797026835778,-0.9287638657730442,-0.17741861837969541,0.06399826576723595,-1.303413939657263,-0.29559446889261487,0.08549680004747746,-1.563171258457756,-0.3811248061485386,0.09273255140860924,-1.8164355764253535,-0.43554933325111983,0.15091408428738426,-0.7498055732274929,-0.22949110214286086,0.12780241028087702,-0.9778759510994631,-0.3294200726718138,0.07708369539218474,-0.8294751846685819,-0.33278395331782334,0.034073211948323225,-0.6629724140622797,-0.33284794527070427,G
0.0,0.0,0.0,-0.2760817719176754,-0.1469561979849691,-0.08701846225219582,-0.49585329595781175,-0.4395065124398755,-0.1300670038915086,-0.6494433810081559,-0.6905991378643221,-0.17091544059270472,-0.8047590566698432,-0.8371725326507478,-0.2129749927217859,-0.30169305057968987,-0.9347419866134429,-0.06091436937189568,-0.42162744787562545,-1.315672425701934,-0.13592248169142726,-0.4802027002013828,-1.554327847045446,-0.20200366575505932,-0.515531227670606,-1.7617316462983246,-0.25371251399219763,-0.11651831491879952,-0.9931885431721832,-0.08725741278093811,-0.19291064437397576,-1.4344387087871935,-0.14913273271419253,-0.2370243513074662,-1.7099037878308616,-0.2144181505174744,-0.27214392775464263,-1.9391150540163136,-0.26537892895177545,0.07356102258080174,-0.9595661069556641,-0.12941726473601836,0.061918263422099065,-1.3757398921045874,-0.20781183195322767,0.044742407307291315,-1.6475153846091573,-0.27230925758256413,0.018314413402915283,-1.879009615178416,-0.3195025803284655,0.2658462506834843,-0.8483417652791342,-0.17925195520892043,0.3554291778604818,-1.1407079647372076,-0.24978611287383976,0.3926930679887217,-1.345432757369502,-0.285704008457925,0.4042097997136948,-1.5348894495593008,-0.31233048530760477,G
0.0,0.0,0.0,-0.23508305002385557,-0.21494414564765318,-0.1060701666240177,-0.42663021914485566,-0.5503895773486781,-0.16817943080767458,-0.42268713629964855,-0.9089381166717218,-0.24453979917997182,-0.22765135601153882,-1.1078433986762037,-0.2884010430774352,-0.37353129735235036,-0.9446379490616976,0.025495246314524215,-0.4710208257300277,-1.2743126155749713,-0.1431977263468437,-0.4334898939172212,-0.941374637388141,-0.21623909887474974,-0.3853573566130376,-0.8149606634124543,-0.23553213350171132,-0.19460340572919801,-0.9808820084386283,0.00918463224265609,-0.26579918471872516,-1.2847473536456937,-0.16355360108340092,-0.24679383977621336,-0.9064288407147076,-0.17762207656856524,-0.21174689752630121,-0.8016447571468763,-0.13348954497202706,-0.006556238042929107,-0.9689538923800525,-0.04463656599675031,-0.05642806921291413,-1.2612914894354375,-0.20909136423423672,-0.07173977817112946,-0.9063570820286923,-0.1485077694471402,-0.052032109327076644,-0.7763203195333148,-0.05069424846642821,0.19043889608142917,-0.9200787096269477,-0.11199982604508871,0.13471770687710466,-1.1826952257668764,-0.17531054989529476,0.09153879696150662,-0.9681069120797186,-0.1133654123491463,0.09243543882867024,-0.8396604587496533,-0.03852325274811733,G
0.0,0.0,0.0,-0.26516708766402,-0.1438976116124423,-0.09264310985715192,-0.4898440067664104,-0.41581989504416816,-0.13595615078183482,-0.6605349679242288,-0.6404020001702507,-0.17577843339194874,-0.8120050957836891,-0.7798411545718791,-0.21528424435171228,-0.3039586058315434,-0.9379060545513682,-0.0500604922274691,-0.41152626212972065,-1.3129445381024631,-0.11301490656635123,-0.4623161489488771,-1.5438493752477758,-0.1714862756949596,-0.49352114880537096,-1.74207269488656,-0.21897896398174468,-0.1245553604161539,-0.9922126597618083,-0.07095416899079408,-0.19432344476729438,-1.4263821596785775,-0.12376599135876991,-0.2315471318244782,-1.6957813711901364,-0.18378121306309786,-0.26012534447237545,-1.9137931077934678,-0.2315346147810438,0.05928213864225778,-0.9555436544689739,-0.10919236809484051,0.044605975263128345,-1.3604120351758702,-0.18308012221692588,0.020387605289505378,-1.6310096233373454,-0.2507206429488587,-0.01158510773380182,-1.8650888284088551,-0.3010539124591191,0.2466041513447261,-0.8428306397054656,-0.15554353811307106,0.33271004401421406,-1.1202373315810918,-0.22665039480953103,0.36729014138598726,-1.3227302805960175,-0.26764193727752267,0.37857640506788204,-1.5154097830335944,-0.298462680491638,G
0.0,0.0,0.0,-0.2246402060665838,-0.17329418075568148,-0.12968774772172859,-0.35711595630089593,-0.4094344947642295,-0.22918495918092288,-0.28576603716933285,-0.6060666233950225,-0.333910827979077,-0.13152304035988518,-0.7312782299031064,-0.43307251379056166,-0.2695004425780378,-1.059443085279765,-0.14100000704224253,-0.31845220852760914,-1.5348772776925437,-0.27898791629852115,-0.32633197589614665,-1.8286938855032018,-0.370850022355066,-0.3254862467735476,-2.090282165132923,-0.4383765365937745,-0.07399753129953672,-0.9972584245628482,-0.17350166620090626,-0.05997681047245284,-1.3305899982214475,-0.391927275368865,-0.12967401690273936,-1.0546125922178546,-0.4613771560771188,-0.18943815738966716,-0.8127790510360761,-0.4591726960677481,0.10170360874576113,-0.8669629721862113,-0.22101886493346778,0.1252120370141275,-1.082274327541591,-0.4201416997326659,0.01990186388833396,-0.7844379771755815,-0.4046499935679487,-0.054276479949503395,-0.5602909157819106,-0.34045519250707895,0.24941432210305464,-0.6816817811532846,-0.28111219455727643,0.24131004583279383,-0.818920435000666,-0.4017048479106107,0.13130671107298977,-0.6321292440199071,-0.37312433197000644,0.051013244139220426,-0.47853932487855966,-0.3202848004740664,G
0.0,0.0,0.0,-0.22605098994530798,-0.18306344832886984,-0.12703808009400952,-0.3576688464586812,-0.41139423846355855,-0.2285458965315723,-0.29850543796328166,-0.6077665837577392,-0.33705367108045436,-0.14792680385844353,-0.7382128644744248,-0.4398797494514702,-0.27133278777619946,-1.0604249080250439,-0.13211048404600134,-0.32178240198191904,-1.5328455752152252,-0.275273961209105,-0.3313948083007404,-1.8229542947917048,-0.3714450330523799,-0.3338472304365756,-2.0848234882718883,-0.4403438038004439,-0.07793434446348539,-0.9969584935959204,-0.16643007079049876,-0.06817163800163044,-1.3287314970231907,-0.3950655136815186,-0.13236978240574918,-1.043269858036022,-0.4681463008740505,-0.18489808798145804,-0.792121295267353,-0.46413183082311626,0.09739746892622099,-0.8731553941658776,-0.2166258010558819,0.12056983935168647,-1.079147798968624,-0.4218510931678534,0.01680023960893259,-0.7779924440563838,-0.40756702570238285,-0.05753412943428297,-0.5483100155774128,-0.3402214804423516,0.2477367282629462,-0.6981292831887347,-0.2794210068282137,0.24462039191679436,-0.8498174172178901,-0.39994064869577883,0.13210574735957134,-0.6582334176403835,-0.3695337817816224,0.045201439338576475,-0.4941275580739184,-0.31353972391549917,C
0.0,0.0,0.0,-0.23223559740790006,-0.1793190055833617,-0.1295479673331276,-0.36895045437742896,-0.3986819694439897,-0.23547760207094973,-0.3110234951339426,-0.5971889757371132,-0.34764006696043226,-0.15526724960639074,-0.7327969867575478,-0.4546669918701027,-0.28956116529927634,-1.0573345706728101,-0.14509899320377698,-0.3444798684130684,-1.536997772957776,-0.2935546655207491,-0.355568684687265,-1.830797047281465,-0.3949742441004127,-0.35974269150057775,-2.098371695577266,-0.46856406970659215,-0.09157737164810388,-0.9957979639475194,-0.1806507887188041,-0.07674940410075913,-1.3469215067934408,-0.41227677897177784,-0.136142268300109,-1.0542383905643773,-0.4889988692503242,-0.1891534975106294,-0.8014426586307382,-0.48883379522866566,0.08830945825115,-0.8719381990418197,-0.23131723863364814,0.10914202717406402,-1.0796321783054916,-0.4371037169238579,0.01054178186460709,-0.7735034067366884,-0.42352200680667357,-0.06233723467946817,-0.5435676927135232,-0.3582641151339636,0.23895593462024417,-0.69483851595627,-0.2947546870655384,0.23480315083628212,-0.8499788605096048,-0.41483269221824565,0.12614362273765967,-0.6535733672452447,-0.38309056582261475,0.04199496104685923,-0.4872162185570375,-0.3276856550172828,D
0.0,0.0,0.0,-0.27527120495555923,-0.1412968241728701,-0.09909894451672983,-0.5013858380253398,-0.40468987088176206,-0.1516227489312016,-0.6748570408608884,-0.6254504153883681,-0.2000497807952452,-0.8315303219890567,-0.7689405200410246,-0.24732904830985145,-0.3256190043448433,-0.922593341790128,-0.06423931158184541,-0.461555815482304,-1.289124402029459,-0.1400113323859549,-0.5338648162777502,-1.5184466260840688,-0.2073320041691764,-0.5821991122757549,-1.7152748564135347,-0.2589878734012364,-0.14655040100019748,-0.9892032045877537,-0.08403587171344283,-0.23842446062101083,-1.4125570016387412,-0.14644407071191276,-0.294316135977132,-1.679866533079189,-0.211725587671269,-0.3385901255727752,-1.8999630259651221,-0.26142188663860183,0.04083861286798968,-0.9644950909860618,-0.12126605963783184,0.017610595864290753,-1.3657949379965892,-0.19794466514473025,-0.013911273683965511,-1.625900209053335,-0.261695433822137,-0.054807088352843814,-1.8462865924944856,-0.3075358079109529,0.23075165620038704,-0.8625573959596264,-0.16761144391163577,0.31250671724400414,-1.1478056164508905,-0.23705200422118214,0.34086757441672627,-1.3505004021918492,-0.27378723058051596,0.3444680191983726,-1.5368336342493494,-0.29963741388807463,A
0.0,0.0,0.0,-0.24282745789622365,-0.17226228662695744,-0.06721838799254591,-0.3761786732074523,-0.4787342688614601,-0.10242314402082603,-0.24748217990031146,-0.7296560565920098,-0.13971397848206243,-0.057634146791746624,-0.8270374146048403,-0.18056797836763971,-0.36717488636652446,-0.8813302512865797,-0.051117960174788195,-0.516099385122644,-1.2198706461797264,-0.111255277960064,-0.604051473393959,-1.427898680169478,-0.16268321336905325,-0.6661122671075215,-1.6097957681347979,-0.20866623699091855,-0.213988247203852,-0.9768362350254127,-0.08337151247682477,-0.3328031793997361,-1.3967848114882857,-0.13765713930511758,-0.41079490590803885,-1.6602774356657144,-0.19908869559779938,-0.47362583382638784,-1.8774146625228403,-0.24659329024521118,-0.04809662770129905,-0.960467836756751,-0.1275073411814738,-0.08536547718688459,-1.3746172539149106,-0.19994406601014683,-0.11922497991726169,-1.641989286982827,-0.2787106994431233,-0.15881316817359128,-1.8696167490576823,-0.33586077058162406,0.12652277326657393,-0.8587504119527309,-0.1776864360423038,0.20085047256270566,-1.146471088580819,-0.25278759521505834,0.22409910196416039,-1.3495785499140394,-0.30228361992883246,0.22746092461495954,-1.5298140205279718,-0.33886235442816687,Em
0.0,0.0,0.0,-0.22625081060921115,-0.11700600751858298,-0.09277945783496676,-0.35856195824114034,-0.39890647222889003,-0.12984365009795074,-0.2623723755898916,-0.637286352827003,-0.15966782962942752,-0.12394481580769438,-0.7891183755781297,-0.19553206429092815,-0.34896754879780706,-0.9051740445245043,-0.07775707606899036,-0.48438877966068744,-1.293678987879679,-0.13640087220131625,-0.5564761720663437,-1.537504378514793,-0.18517148548294998,-0.6200192165588876,-1.754781502050172,-0.22996080553728332,-0.17831631863417918,-0.9839732163574137,-0.11366573518652048,-0.2311130474300923,-1.4511162895771332,-0.17695988337601432,-0.264159962656392,-1.7395248442685403,-0.24695924678209427,-0.3033309283871905,-1.9707798377814207,-0.29937681616105355,-0.028285250069456667,-0.9515352477045095,-0.16332356452970576,-0.008717483942342636,-1.3634186472419139,-0.27089745111029545,-0.022417296608194245,-1.6256310417459725,-0.3720402943036751,-0.04269564185527385,-1.8402188280626106,-0.44175557988973596,0.10799890264499132,-0.830160525918954,-0.21659422933577957,0.04106676281556776,-1.0617726124921214,-0.32926532495706734,-0.03510481516196591,-0.9484381072404493,-0.3600543373683466,-0.09390401732420513,-0.7902448206506579,-0.37866895358454233,D
0.0,0.0,0.0,-0.24242769340888026,-0.1376349822639068,-0.09365378881104011,-0.3878083603899349,-0.3415804166423952,-0.17420076604198742,-0.3594002508065526,-0.5212785423336053,-0.2689482235793076,-0.23965489265791287,-0.6442648338279054,-0.3573951383169078,-0.34890756162409114,-0.9553240451465843,-0.08737611771807706,-0.45844258993401427,-1.3274342658745804,-0.19849751761010204,-0.5237391880310417,-1.5605281032433516,-0.28358789064821555,-0.5674612925884492,-1.7683843745096712,-0.3434109768632941,-0.1784867001215173,-0.9839423244681222,-0.13293775740516506,-0.22298129345009077,-1.412025685755781,-0.25042409082544104,-0.27035967154930474,-1.6979282193250853,-0.3449646281567131,-0.2920489485615235,-1.9649379732211225,-0.4063410657084006,-0.0074969205361147834,-0.9035445007609112,-0.19090859782074246,0.00585055759202748,-1.1471460251526402,-0.3387798936820258,-0.08419827648898912,-0.8798635105307756,-0.3580259474881847,-0.14280463789739947,-0.6620794687406908,-0.33308918807328874,0.14652150271481118,-0.7481044822021368,-0.25821709372935486,0.10975939600374868,-0.9203342832397785,-0.36137966459437787,0.02750363981584836,-0.768009816080115,-0.34503951737359156,-0.025637908458100937,-0.616739797092949,-0.308464533719122,C
0.0,0.0,0.0,-0.26156106020254405,-0.17369903157323122,-0.09170600082645487,-0.45075209041618397,-0.4082086322854852,-0.1626723529766625,-0.5456303465308319,-0.610033205806894,-0.24718198898396027,-0.6264740641006915,-0.7485454627456612,-0.3276512882847949,-0.35171252007283993,-0.9650346476251759,-0.09808235618894824,-0.45384536455193514,-1.3400767387411199,-0.22305269010497125,-0.5185336734821787,-1.599262107734191,-0.309609958576845,-0.5605954092767698,-1.828044275731869,-0.36523826216929606,-0.16592646668302094,-0.9861381280804876,-0.1515259086063441,-0.19363175173157504,-1.4356548674020422,-0.28924515723575744,-0.23877634379132662,-1.7480920153484443,-0.3796408901267256,-0.26391070673554057,-2.031917315147501,-0.42667770606651834,0.020423193505747703,-0.8951997022657804,-0.21762543530912415,0.02897689033283871,-1.1397529636569883,-0.3971876314283883,-0.07460174622681542,-0.8565944075757277,-0.4105994417586255,-0.14017349058313913,-0.6203631495696766,-0.36847902730793314,0.1891541509517493,-0.7196121191118912,-0.29087589256397534,0.16327574368995706,-0.8773349294196641,-0.4190906313621731,0.07248962714328386,-0.7222267962727117,-0.3978013481848786,0.018889266239992607,-0.5775131976862034,-0.3481650651753275,G
0.0,0.0,0.0,-0.22866964962462308,-0.1502047485627828,-0.1308779323005243,-0.4153696533496783,-0.4141599757079079,-0.2064766371339008,-0.36499927473001276,-0.6292924246993424,-0.2793735731651755,-0.1460240550900133,-0.69306987599988,-0.32067346996213186,-0.28427895911195944,-0.9547276787774144,-0.02996183533016833,-0.41411161319334616,-1.0066907415630701,-0.19067485151006433,-0.39238762248922276,-0.730222328552828,-0.269267651954959,-0.3218183117814012,-0.673361946390071,-0.3056478924507155,-0.10877979572976171,-0.994065871077461,-0.03799763022769301,-0.22088840792791556,-0.9615783519206272,-0.20309970150046408,-0.22550723299446873,-0.6391833786308503,-0.21882480641066682,-0.1727252862758104,-0.6355217624859826,-0.18629074345671506,0.06182799112670028,-0.9256058627526215,-0.08335437800697232,-0.025563482538141807,-0.8343855534010373,-0.237658240318875,-0.0629352058138908,-0.5582103893668029,-0.1959708798591748,-0.029676755386797725,-0.5818563801729363,-0.1243476095848056,0.23345610408486903,-0.8051516429039339,-0.14688096797502506,0.15530883818222643,-0.7277392413115384,-0.21907358646438682,0.09571904783536972,-0.5464150589614728,-0.188124971230258,0.09965034647669171,-0.5470226642821318,-0.13953935639281193,G
0.0,0.0,0.0,-0.19499738489280538,-0.28996140233604156,-0.039797609769941115,-0.34724588758904035,-0.6585095270853782,-0.07594992216817512,-0.3356178857752549,-0.9777787372433292,-0.1374003343274514,-0.13463314498374399,-1.0671307281841225,-0.17510695664873452,-0.17401673380427776,-1.0139818572915738,0.07224851718377255,-0.2849042865824388,-1.295517354997196,-0.07207960402806428,-0.31185088362739394,-0.9648366456050267,-0.12713985161377878,-0.24874791885712794,-0.8567133785375247,-0.14096798442833575,-0.024110872037102864,-0.9997092906688476,0.023049253244195718,-0.13461828910542858,-1.2718056254554202,-0.13316281792668155,-0.17781830937143003,-0.9045549869018951,-0.12971383734642145,-0.10043338382009136,-0.8270852954566391,-0.07542295494412588,0.13395195926922293,-0.9363935372885934,-0.057843979113777734,0.01751617287785577,-1.1902252250927723,-0.21180505872346056,-0.04047221884473468,-0.8357827568039122,-0.1428142096294226,0.03504064757006427,-0.7478154211096341,-0.04349127540480788,0.3043272551358365,-0.8287113587257796,-0.14656010296149194,0.16577521684000832,-1.0624017525662512,-0.2076631497307463,0.09045307368652332,-0.8291777896111235,-0.14088940393228322,0.13571259931839713,-0.7138800071924761,-0.06469774813259958,G
0.0,0.0,0.0,-0.19801127199555066,-0.28646326749162915,-0.03593848832178133,-0.3471252125475747,-0.6527435945289068,-0.06756119443412424,-0.3377151838204789,-0.9798417132130295,-0.12624275994923748,-0.14423199332833994,-1.0874138302969298,-0.16160465924683262,-0.1734294145410025,-1.0093755036950238,0.08615026666098179,-0.2815767274495731,-1.2988405060511394,-0.05475216230520014,-0.30236382340075496,-0.9824327188916866,-0.11078452252134986,-0.23681468218584312,-0.8668187955442407,-0.12423642278314255,-0.02509406605583247,-0.9996850943416059,0.03673321202718294,-0.13475154138620843,-1.2836798313111617,-0.11738930972948297,-0.1720565992590804,-0.9241914078233647,-0.1198819935553157,-0.09250001812680912,-0.833487400385602,-0.06839509168887312,0.12958024660509515,-0.9429863141293293,-0.044075407616387105,0.012703079499742174,-1.2004586185293944,-0.19868337045476364,-0.0427127734473193,-0.8509385792593332,-0.13662384170353326,0.03393283565971967,-0.7491326362885244,-0.03939513091072173,0.2957521332959617,-0.8412779138725142,-0.13226100597779356,0.1666305124111455,-1.0935030326355113,-0.19533547924370054,0.08601080317859966,-0.8678005651476417,-0.1318759883733856,0.12462547040437102,-0.7379390630936774,-0.056035509895310864,G
0.0,0.0,0.0,-0.20344234195862013,-0.26828578884137555,-0.03581473991035563,-0.36057649953719545,-0.6437416358518758,-0.06415998499156604,-0.3577015971210952,-0.9698594142163677,-0.11931893268836985,-0.15990050730658562,-1.0642381293282785,-0.14999029852861898,-0.18568852802378574,-1.0033572915153757,0.0880148555682357,-0.3111065546335678,-1.2795929299296978,-0.05138573612177451,-0.32384863482429904,-0.9552063271652261,-0.10414364017950063,-0.2505542085896439,-0.8553934383302598,-0.11671549373397641,-0.03819158218382769,-0.9992704353928901,0.0390019375081297,-0.15927316867943142,-1.2771286967191424,-0.1160513305691833,-0.18980502905707505,-0.9128461473769174,-0.11349334669056949,-0.1050809638666071,-0.8373503685378043,-0.05801065504253265,0.11646918713820889,-0.9456680771141447,-0.042013182866487926,-0.010589772475470534,-1.2040816747033267,-0.19498175024594058,-0.05942365966053115,-0.8480360510188162,-0.1298017191874887,0.02415297310000643,-0.7617776437169729,-0.031361821590228926,0.2835819088842143,-0.8505737425745246,-0.1311177706711953,0.1436328625030706,-1.085908123171192,-0.1924722322543599,0.06756925283569598,-0.8583727518660289,-0.13139040576081068,0.11434216478804543,-0.7443579889605357,-0.058500681603514855,G
0.0,0.0,0.0,-0.2209794011702767,-0.16446263707901249,-0.1083046422733925,-0.4264239477529595,-0.45266549693590236,-0.19454573458259597,-0.42431003011797847,-0.7456642412623339,-0.28977966702495656,-0.2552973189503334,-0.9469795865724362,-0.3784661223806628,-0.34878349956278293,-0.9815533846964853,-0.09693001380457762,-0.4374092446602841,-1.4318503746743223,-0.23944794203814904,-0.4775811676461902,-1.6929689068994385,-0.31961780680482865,-0.4961031864110279,-1.937567793788235,-0.37641094619700194,-0.15555665844633085,-0.9878269716974788,-0.12888910728338002,-0.25803195943794593,-1.175243702318958,-0.35099287470031326,-0.2656373636077719,-0.8022375520693744,-0.3844047862825632,-0.2260688637943283,-0.6245243927976228,-0.352766995632273,0.03242812137472801,-0.9347773733571031,-0.18138998946227539,-0.06830378498254094,-1.0224542180871248,-0.38461441580252165,-0.101664539861306,-0.6677542279065386,-0.3217334027669902,-0.07260959791535432,-0.5414089831402255,-0.22441106649034565,0.221954121955919,-0.832052130717673,-0.24631627009599777,0.11308465261049062,-0.9189112428044817,-0.34965492518216706,0.03930048387291467,-0.6616804909421246,-0.28606985389438394,0.0358067230913185,-0.5493314620450895,-0.210748966832093,C
0.0,0.0,0.0,-0.2232901360715526,-0.15803548660638464,-0.1094568280354908,-0.4264683765555802,-0.4374970690613939,-0.19506041183854905,-0.4335114309900621,-0.7276107482989415,-0.2895912805032844,-0.26901181657257767,-0.9281459297738835,-0.37670685244151475,-0.351115297462012,-0.9753995077834084,-0.09422836604861702,-0.4360973372606561,-1.414878424595847,-0.23882523296498487,-0.47698246726682386,-1.6722485600276724,-0.32300238232762774,-0.4977625906316242,-1.9159981007484717,-0.3827887394206823,-0.16151899704668252,-0.9868696031356087,-0.1240171021116758,-0.26815860783366635,-1.1579887293719673,-0.3437293715058616,-0.27865634119304633,-0.7873777142842936,-0.37767784302375734,-0.2412294621579323,-0.6147108714778884,-0.3482969979544232,0.02429042415126613,-0.9374133483787688,-0.1749193179630279,-0.07616189240168687,-1.0081138373544998,-0.3725540936393256,-0.11407712117551988,-0.658922086747348,-0.30914035556839736,-0.0875875923230945,-0.5342222105969976,-0.21393481668599862,0.21130796238831315,-0.835930241363734,-0.23950927980380698,0.10978224596556355,-0.9111542165033879,-0.3400220022087149,0.029645431631012076,-0.6601276523249066,-0.2786806887734945,0.020243551002978994,-0.5478493115349502,-0.2058938696966637,C
0.0,0.0,0.0,-0.2156760414150806,-0.1570630687689413,-0.10924703254100109,-0.41782850641675484,-0.4354765887149078,-0.1939673522878501,-0.43128495384972526,-0.7251743636137009,-0.28761881873864564,-0.27031700495467115,-0.9289227251313992,-0.37437903621079827,-0.3467295434095321,-0.9724382634190437,-0.0914236470268394,-0.4367611587518535,-1.4011434378847707,-0.2349985483363236,-0.4791735019081829,-1.656148195743552,-0.3199906296277912,-0.49949407757840797,-1.8969727797651914,-0.38035234387889993,-0.15691285184290918,-0.9876124528004521,-0.12058186379760187,-0.2606096477498207,-1.141772256494766,-0.33761553342892575,-0.2702341703259823,-0.7762220268231643,-0.37251171062859645,-0.23395817593221901,-0.6082959691182453,-0.3449472846770661,0.027883605254735194,-0.939206884934184,-0.17082880017922622,-0.07201115719042951,-1.0008720729964462,-0.3678533076970903,-0.10922873052864697,-0.6506675282524985,-0.3056288908973381,-0.08428968100442981,-0.5254539942390659,-0.21189132836267208,0.2118697015659096,-0.8370130182383155,-0.23460060330725352,0.1074679247059671,-0.8988223436208345,-0.3359891122255714,0.03033723281889535,-0.6451092486724034,-0.2756714751163338,0.023002441767867338,-0.5346088672690833,-0.20367960167547286,C
0.0,0.0,0.0,-0.21519212809379423,-0.1585949668283909,-0.10261893788404373,-0.35502467598174087,-0.4675166594309355,-0.1664689081465715,-0.23092233540150148,-0.709497565079181,-0.23963329223372318,-0.07614492515927906,-0.8843954559469154,-0.3070442872355493,-0.3140975487129551,-0.9652519751484346,-0.08646360791728164,-0.43708941818853925,-1.3564461624765003,-0.19006802453492064,-0.5036066135734679,-1.6020784940476884,-0.2521293327198435,-0.5499086683415261,-1.8106796229441804,-0.2898565420081369,-0.12097879870458364,-0.9926550912900189,-0.12114121358321972,-0.12508271365657023,-1.4726145449619357,-0.23248258313462733,-0.13373173522880968,-1.7817015357905963,-0.29975665709681726,-0.12432305533395967,-2.049087708516579,-0.32857560011291953,0.0601157540095175,-0.898012937869604,-0.17126587158742532,0.016529346933246217,-1.0421415747623455,-0.3268853662910904,-0.06777893220441797,-0.7669183634050729,-0.3414446913438785,-0.09774761951882639,-0.585366208119681,-0.3036535627775007,0.21600125696465244,-0.7301669785189024,-0.23035991309913462,0.15313822265317048,-0.8364349486166895,-0.3403055308888273,0.0600439265788887,-0.6315032025007975,-0.3169117291676646,0.01822418888907678,-0.4824248945523741,-0.27138666525204175,D
0.0,0.0,0.0,-0.212110603557501,-0.1595520030343376,-0.09450501452253893,-0.35261002560204757,-0.4723527916064644,-0.1530094377084325,-0.23291553034314963,-0.694841840917556,-0.22166905444989227,-0.07992363935834089,-0.8540027331796657,-0.2863336488986627,-0.3030037109682235,-0.9635860377882113,-0.08472845934382645,-0.41776211043048567,-1.3508591680137743,-0.1857952959820605,-0.48069727297082915,-1.591675088862516,-0.2447482544673204,-0.5240613560743945,-1.7992212813638757,-0.27992523649694107,-0.11427098266604808,-0.9934496175048514,-0.12071549218002961,-0.12038394278513705,-1.465857743868374,-0.22733317021911004,-0.12637069256472322,-1.7688290781170422,-0.2938476968398159,-0.11267192592059402,-2.0381226196184064,-0.32265706113435455,0.06312753912126472,-0.9029259578976362,-0.1705531458334216,0.01209170401893055,-1.0203088731138126,-0.3165021290133694,-0.06730872755139694,-0.7505728890230345,-0.3340827465986515,-0.09072239379852187,-0.5791031921206854,-0.301104526460793,0.21545093914740107,-0.7436162504590977,-0.22905890823816952,0.1410273391735862,-0.8080098959152625,-0.3311101516761366,0.05129885179864873,-0.6059097031101528,-0.3112886235969076,0.01649399601024395,-0.4680797710263208,-0.2701363119396894,D
0.0,0.0,0.0,-0.21430760239115282,-0.1666345037664688,-0.09466283991792522,-0.3565485261336133,-0.4789780879933917,-0.1549575445394928,-0.24755839775590205,-0.7052670698828378,-0.22640978130436243,-0.08972535881175789,-0.8514582144004069,-0.2942934659362924,-0.2994412536116413,-0.9690986881100973,-0.09065385868949646,-0.417649433664184,-1.3683415543375668,-0.1939446975676452,-0.4817036952533294,-1.6146194694417573,-0.2531705787530314,-0.5269631522849587,-1.828072072393027,-0.2876766504180805,-0.1086428145097899,-0.9940808512668329,-0.12851041789324344,-0.1183132757106637,-1.4820115235728948,-0.23795861981243197,-0.12797661982408012,-1.78875977225893,-0.3042507457616997,-0.11883827952877164,-2.0574928099999803,-0.33242765085994036,0.0707512036503152,-0.8999165650078913,-0.17996549231099604,0.023627544177342877,-1.0384399967351003,-0.33343916691482406,-0.06297436218560838,-0.7728573377570708,-0.35428710293114624,-0.09495048718673631,-0.5916266365604579,-0.3208469040764368,0.22302271321899425,-0.7377743668445368,-0.23939800626889557,0.1613811442779093,-0.8286764174492524,-0.34421977514092883,0.06798360557437884,-0.6332689525099853,-0.3243634866436718,0.027120610701437422,-0.4862332469474707,-0.282507509797767,D
0.0,0.0,0.0,-0.2211636361069669,-0.1042815200899833,-0.13386405608166835,-0.35487966298378787,-0.3670405142514046,-0.19898662614948523,-0.2556365499490008,-0.6230962065592452,-0.2496780572726844,-0.10690144597579525,-0.8262122273898982,-0.30629689902669527,-0.3617393134070505,-0.8978587877607994,-0.11201330620001648,-0.4695108632091429,-1.2711841482502964,-0.17967089635324474,-0.5212936010535745,-1.5072196694619855,-0.23934162556113456,-0.5633142821570318,-1.7248205955188138,-0.29434012499168677,-0.18801384778874192,-0.9821663774736293,-0.13417947158013172,-0.23087052446537404,-1.4391494395510265,-0.1870283784777017,-0.2518983769725649,-1.71451933078972,-0.2573089777082469,-0.2760827308375068,-1.9486162899774684,-0.3185194999673306,-0.03510082617971691,-0.9386639331321762,-0.17438577674903724,-0.020284338372012413,-1.35496592147036,-0.2806346734694159,-0.02938689258113658,-1.6008525471442623,-0.3853984018493479,-0.03233782876235124,-1.822102827370738,-0.46693020354989123,0.1051479612850727,-0.8067364148570022,-0.22168084709183555,0.02880201616014492,-0.9944297824150637,-0.35141656673221905,-0.020893937553656556,-0.8360392958348104,-0.39361316859087486,-0.04347680592299861,-0.6755537842037095,-0.4238058114234158,Em
0.0,0.0,0.0,-0.22507389081294607,-0.12087507349353722,-0.12534884653676784,-0.35754736203796544,-0.3855577819257186,-0.18901224025154498,-0.2578760309093481,-0.63663220786755,-0.2400335723891112,-0.10351333063957473,-0.8324886411980804,-0.29821465783875173,-0.34827565320194454,-0.9060785068834426,-0.11314506382638195,-0.45962792637128747,-1.287704712582726,-0.1826808553976128,-0.513018185073727,-1.5272225893744376,-0.24111504982901852,-0.5534300804278639,-1.7483818509071198,-0.29465530918001154,-0.1720753717233684,-0.9850837865107033,-0.14059687576522512,-0.21173814288551698,-1.456895875467196,-0.19976205135696104,-0.23315516314443163,-1.7422581237864623,-0.27244518336880647,-0.25596944182238257,-1.9829328890464104,-0.3331317941101566,-0.01872810479970655,-0.9372952428727004,-0.18473658049302102,-0.0036008225627210486,-1.3662849351315225,-0.2988008550125302,-0.019386384137387833,-1.6188427376474248,-0.4078028634327243,-0.028594916602647052,-1.8413366576551222,-0.48939998825608844,0.122961507723547,-0.8003567701155626,-0.2342407286281844,0.04031897536356399,-0.9925937046569789,-0.3691967977713089,-0.018866908358825336,-0.8327152921924554,-0.41314535939194624,-0.049447960938630554,-0.6683040904111276,-0.44295019572295846,Em
0.0,0.0,0.0,-0.22398372945517495,-0.11223746117729991,-0.13283624795775795,-0.3623602848700833,-0.3800567248382781,-0.19520903513110613,-0.2601069999701031,-0.6262781599262975,-0.2431473010756306,-0.09893220661789058,-0.8176125695953048,-0.2985486567668466,-0.35814314602158664,-0.9053936968612116,-0.11730764602648332,-0.46436529747082794,-1.287173785133687,-0.18855640785140146,-0.5171032666988935,-1.532522311570739,-0.24762023077881648,-0.5591068910528862,-1.7594564559784043,-0.30267315886826435,-0.1839013650588095,-0.9829447023762355,-0.14221267191213044,-0.22156988050271942,-1.449878815389295,-0.20322855615200994,-0.23935311106849147,-1.7368208631555948,-0.277392576047776,-0.2596658338226329,-1.9841352082618986,-0.33949860720045416,-0.03150289277741998,-0.933656019524804,-0.18484951278752174,-0.017869090433080322,-1.3514337297259027,-0.30467693388129596,-0.028363306897770616,-1.6072180693032698,-0.419620086121001,-0.03351001260235554,-1.841335938950345,-0.5051614982507039,0.1110705581026359,-0.79735894821324,-0.23313302149117537,0.023577259172393915,-0.9725384399219587,-0.37820948237491764,-0.038866830665150155,-0.8021456939863185,-0.4294087508712048,-0.07307256414352671,-0.6363730931056192,-0.4638958266586847,Em
0.0,0.0,0.0,-0.230518810609636,-0.16108008808748278,-0.07694301544110158,-0.3798315904571427,-0.46034870655987603,-0.11961190692934764,-0.2566663512211784,-0.7290392020174866,-0.16267133364282102,-0.06255302050149064,-0.8621568899375808,-0.20757725347394215,-0.37581155813373623,-0.8856383308172608,-0.05665232586358007,-0.5136168797393577,-1.216227377849936,-0.11989250509940708,-0.5896851141432107,-1.4164111231480574,-0.17557736937546664,-0.6402230324131737,-1.5871995257872467,-0.22268402170388238,-0.2211896144064284,-0.9752308211283807,-0.08195709645102218,-0.32558365146050133,-1.3897953358539568,-0.13256979963655013,-0.38752116977098794,-1.6420306741002328,-0.19131924426240196,-0.4338110680224507,-1.8472874147214813,-0.2381542327827473,-0.0590994051996063,-0.9566977250756431,-0.12060297525263804,-0.08974146810621415,-1.3452267554647441,-0.18339773483168156,-0.11738352295698369,-1.5896837089918623,-0.2542991362007937,-0.1530708093145116,-1.7904209541616423,-0.30801914051821516,0.11119125659816935,-0.8550427696501622,-0.16725370601232387,0.17695009840999287,-1.1280129321434391,-0.2277615245740972,0.1917008376968156,-1.3136095553863445,-0.26877342156980494,0.18454344495735373,-1.4739066489062576,-0.301348912703716,A
0.0,0.0,0.0,-0.2339735577511056,-0.16326917640262575,-0.07828805923611201,-0.38010241529954764,-0.4656215716938054,-0.1217044528753492,-0.2547945499845429,-0.7316561063205707,-0.16531540783022902,-0.06264670846262278,-0.8611492604183592,-0.2116217961537305,-0.36866166273395484,-0.888074373853645,-0.06038664584320905,-0.5032602739593405,-1.219593323821261,-0.1254625302680235,-0.5816593932688305,-1.4192610130938226,-0.1825474443078375,-0.635685804235421,-1.590267410036303,-0.2309419619009311,-0.21191345436011086,-0.9772884363693071,-0.08625453340060188,-0.3136221393033538,-1.3925366675819073,-0.13854244726060705,-0.37544960250186926,-1.6447013949826679,-0.19938077531356488,-0.4243916898064805,-1.8530477144293194,-0.24805319528393915,-0.05047469485712794,-0.9557782343795952,-0.12546629062319403,-0.07580617246673503,-1.348212242514814,-0.18950388572572346,-0.10267758964754259,-1.5939735298333413,-0.26212177569293704,-0.1412233057537819,-1.7982653507716713,-0.3174797297732123,0.11752643701543924,-0.849395603173056,-0.17271597549750406,0.18680840673926732,-1.122991174243657,-0.2345704755149159,0.20177844806305456,-1.3096233968869053,-0.276605828175365,0.19228154303909473,-1.4716301721902723,-0.3102707650059529,A
0.0,0.0,0.0,-0.23475287313777773,-0.16477645832417673,-0.0752913588913571,-0.3836313091868559,-0.46630520389623176,-0.11657001687127709,-0.25553909543308934,-0.7297978811156269,-0.15850124378617206,-0.05588532234694485,-0.8540056963761061,-0.20309741738546938,-0.3771766825427739,-0.8838570387053405,-0.05798703913476549,-0.5142090852644495,-1.2143861153381392,-0.12115519376142457,-0.5913102708898264,-1.4124089285929704,-0.17623461279010755,-0.6450099525313534,-1.5841174287063529,-0.22348498660798066,-0.22006280803406622,-0.9754857049286584,-0.08490626947727725,-0.3227189261574737,-1.3884825617769043,-0.13612473499223235,-0.3852399598992382,-1.6417844334686085,-0.19559143270239907,-0.43392912225382796,-1.8522190610719271,-0.2431680501783958,-0.05645230044270401,-0.9545033800366945,-0.12490790043741244,-0.08291613909347563,-1.344198198924032,-0.18983369396248556,-0.1081032431915704,-1.5914587612092153,-0.2634513378730258,-0.1434387110789021,-1.7984785700665018,-0.3187994729598572,0.11300428455829005,-0.847873191644394,-0.17243738309810672,0.18149893857498958,-1.119930176383953,-0.23650793478396503,0.19812891760096651,-1.3069197700152637,-0.2797310365255431,0.19167624980635165,-1.4704506177282968,-0.31358857969617976,A
0.0,0.0,0.0,-0.2704074077877142,-0.1470084266238967,-0.08096249070982325,-0.48827843933120485,-0.42859526902385625,-0.12226159009095539,-0.6207175513575833,-0.6882373955335195,-0.1612469994382446,-0.7449177850797715,-0.8801166417789169,-0.200224461640716,-0.3398208142140032,-0.9219596555875543,-0.06642499287294103,-0.46952678477579923,-1.2856649653801544,-0.14603107752061065,-0.5358600807765231,-1.5072757767318192,-0.21197596386370432,-0.5784781948371802,-1.700552818661487,-0.26116429535840713,-0.15901639335544757,-0.987275942502513,-0.09468286283472276,-0.2435307276411111,-1.4213821337370642,-0.16203788125444155,-0.29288103152886524,-1.6917358842065757,-0.22936218903208505,-0.3341349420918577,-1.9120092079942186,-0.27984504560047346,0.023010196923177434,-0.9568930496975592,-0.13749770395632685,0.014195066075600567,-1.3563186900253168,-0.2171824146112367,-0.004171067412046536,-1.621699556897119,-0.2837297058040676,-0.035924927242169585,-1.8386626975985845,-0.33219029582996473,0.20374314984110178,-0.8447911885245659,-0.18678585384445076,0.29264746437904193,-1.1230377501409528,-0.2581244842842232,0.3257490697899019,-1.3206727582927091,-0.2948576248818201,0.33095585871380956,-1.4920125242123357,-0.32102086560215315,A
0.0,0.0,0.0,-0.2655166698575443,-0.137271090488863,-0.08833078369131567,-0.48692953830903773,-0.4130563045771886,-0.13341176515203196,-0.6275119893490395,-0.6695053726248422,-0.17478613525024939,-0.7604395922127705,-0.862055116343465,-0.21642043232947217,-0.3329065796100231,-0.9241216853179087,-0.07168342796490211,-0.4629679422809895,-1.283466649121921,-0.15120338371633593,-0.5310656997614778,-1.504972298125999,-0.218611609141924,-0.5769425148980125,-1.700431277903218,-0.2704568727644936,-0.15359616815712662,-0.9881337040742249,-0.09861411482266517,-0.24077254907135767,-1.4169735647042274,-0.16706144707875575,-0.29257464710757247,-1.6858072524636778,-0.23734547361990518,-0.3362729296106204,-1.9076955646736584,-0.2909684748608495,0.02774229039884549,-0.9519083293467702,-0.14062778677265725,0.01990482293980496,-1.3530529687363115,-0.22480970363898203,0.0019151263817595427,-1.6194938234152083,-0.29558931410735034,-0.02892535559131139,-1.8430666683896717,-0.34728341331741663,0.2081018009780373,-0.8327351039626241,-0.18927777868183385,0.29739833066583626,-1.1093614529630378,-0.26767758605302305,0.3351853604991072,-1.3078394214037394,-0.3090606260412914,0.3465260858473146,-1.4853114201512816,-0.338630297311495,A
0.0,0.0,0.0,-0.26848411495678487,-0.1432664568890208,-0.08753894234360064,-0.4894602867596136,-0.4159726472275152,-0.13199014045000101,-0.6283114034533143,-0.671856168860715,-0.17350571047818605,-0.7563281083221955,-0.8678966376440006,-0.2145642921148459,-0.33607592860622176,-0.9232823362086792,-0.0634665933869448,-0.46216043954537445,-1.2807915824578249,-0.1420094363486147,-0.5289667032649886,-1.5007279623110459,-0.2092982233745371,-0.5741945304040793,-1.695676178308127,-0.26067528097306597,-0.15691831087324462,-0.9876115854487976,-0.09004872355504559,-0.2401018939450508,-1.4160937576212167,-0.15738382543751997,-0.2907023012199654,-1.686942470979075,-0.22657180546105843,-0.3344839352532131,-1.9120017310121096,-0.2791277841001917,0.024026154748672913,-0.955565735796445,-0.13248709900274297,0.01665075159142485,-1.3535166094821627,-0.21467465007062017,-0.001803653524906519,-1.6207655101954361,-0.2833676303064195,-0.03399325949572621,-1.8445085936981767,-0.33331704629083486,0.20463836840547608,-0.8424717543559297,-0.18203946764350903,0.29422944084415614,-1.120361120770846,-0.2563818951900947,0.33062636048941785,-1.3189156218533906,-0.2951908494149763,0.3397693077645641,-1.494960563281612,-0.3231555128263287,A
0.0,0.0,0.0,-0.30217215723482593,-0.12638782600273907,-0.07636021540961317,-0.5755434918384059,-0.4020335497726706,-0.1254454638721119,-0.6537954691304719,-0.7573076439765392,-0.19332248086210846,-0.49627577903991815,-0.9930094974257597,-0.23389313867401818,-0.5576871477581867,-0.840646024113017,0.03913947138563773,-0.7242234217963105,-1.1249074739588292,-0.12352837934107841,-0.6385027842439259,-0.8209552044836642,-0.197164142761802,-0.5564402251280496,-0.6932700982594837,-0.21769782615214398,-0.38798607078019454,-0.9216652368840574,0.005573595766057392,-0.5365684329049469,-1.2068913493382927,-0.16044639504735939,-0.45188184271036774,-0.83829867366381,-0.17263187706562474,-0.3766498902831703,-0.7214696340831956,-0.12556700342086888,-0.19598115881724448,-0.9529646257997623,-0.06151207575113309,-0.32934522795169596,-1.1896980945640263,-0.22785187292290024,-0.2685567483031402,-0.816069373636436,-0.1680864606743867,-0.19453366418992382,-0.6735024546911241,-0.06778738985274489,0.017718146826810322,-0.9444569110347757,-0.13847147596327505,-0.12970799355668833,-1.1294977400798227,-0.21250958151707938,-0.1319846717044627,-0.8748252377814364,-0.15135465024884762,-0.08469917959240532,-0.7371249794639358,-0.07364311845926771,G
0.0,0.0,0.0,-0.2897494410725346,-0.11872700716428619,-0.0866683045197966,-0.5692134565188071,-0.38792537664896254,-0.13729650619568912,-0.6641939729353704,-0.7340386921577872,-0.20492191658477624,-0.5020491685204249,-0.9670647848883647,-0.2449267721133348,-0.565630183934407,-0.8322900197893909,0.0413153124835909,-0.7291122656778505,-1.0999849914285562,-0.11936298835619075,-0.6415689031756613,-0.8004182434601856,-0.19247205098663311,-0.5609951491810338,-0.6859258045052402,-0.2143591099248591,-0.39349980214306207,-0.9193247009154987,0.01149610299686372,-0.542045657107499,-1.1931926479012618,-0.15558713298094878,-0.4604436472120519,-0.8279463767625811,-0.170356468839337,-0.3891356627970695,-0.7208919517074299,-0.12482532908385027,-0.19994259694423153,-0.9554040992442098,-0.05315800961501348,-0.33372536886093995,-1.1762720047650144,-0.22613331364448774,-0.2765621379765219,-0.8013592108408492,-0.170930258278277,-0.2083263081445008,-0.6684646605323618,-0.07226053430244653,0.014921320365055557,-0.9496469268483059,-0.12817819724107346,-0.1340972399187154,-1.133025344612986,-0.2091313302205744,-0.13607090645820297,-0.8693862075466514,-0.14950976830508428,-0.09229478194910373,-0.7252738640854411,-0.07188476098561122,C
0.0,0.0,0.0,-0.2578269645492318,-0.06401936196084246,-0.10870807513378802,-0.5097632563177689,-0.2885875831743515,-0.17439226551332282,-0.6181088808152343,-0.5578871393044614,-0.2554264065154468,-0.5573678226006722,-0.8161879368688456,-0.31555109386120184,-0.5264477435142138,-0.8153408700557613,0.006243595807274857,-0.6608504381295266,-1.1193058194804668,-0.15550648484046356,-0.6268901757843575,-0.9179475232516914,-0.2627727579958538,-0.5475104370686225,-0.7302375442272946,-0.3089994695080581,-0.36581112749758893,-0.9306891097455383,-0.01394577382349179,-0.48323716910474235,-1.3214889757802273,-0.18606200881810853,-0.46138734018580607,-1.0021374295918857,-0.2509414807086298,-0.40086032285894685,-0.7675087515541188,-0.2468008430140719,-0.18832681810764573,-0.9801360329693447,-0.06546615543962922,-0.2688781631324447,-1.384286030496731,-0.22783287398472357,-0.2803218591934829,-1.0658299778723168,-0.2321283568839791,-0.23818416473362256,-0.8019609066143403,-0.1826452808164841,0.00975437835484265,-0.9690833628550288,-0.12916330225475697,-0.031008638503745502,-1.2974026871359048,-0.22561231682841595,-0.09460446705804575,-1.12333500541592,-0.22009800484924696,-0.10891845142318048,-0.9124076099757198,-0.18572890768662081,D
0.0,0.0,0.0,-0.28098659349139404,-0.08594249139565951,-0.12543679666394714,-0.5361224897815102,-0.3387265587018134,-0.18966324384669794,-0.7022540111804405,-0.5915040226563827,-0.26603819092247094,-0.8097521727428041,-0.863143636718563,-0.32377935379959927,-0.532963239219482,-0.7964657114447268,-0.016530851727820914,-0.6705309922582516,-1.0979309814071303,-0.184370948876002,-0.6319526585714257,-0.9240697838072769,-0.30850813217917233,-0.5398498875347753,-0.7252193026942266,-0.3654826588850806,-0.37966449002152464,-0.9251242484210949,-0.023992551014155723,-0.5232866101209681,-1.3133907044401156,-0.19580227299594735,-0.5042565277191378,-1.0547027229074306,-0.29630879618976014,-0.4221688399190809,-0.810927310369893,-0.3267141551464932,-0.20726263312186066,-0.9895161192718502,-0.06269726079271977,-0.31664883532748234,-1.38094881763693,-0.21836709065775178,-0.3464946897149054,-1.15830050480051,-0.27861618380813935,-0.2935870830895687,-0.9035593853531652,-0.2764911993727292,-0.013036051847791974,-1.0018308520671397,-0.11421317060989578,-0.0469135760712984,-1.3838022423863554,-0.21142122257910573,-0.11806248827781468,-1.3375146899407704,-0.25160318343518084,-0.1336955994605723,-1.1717147603733709,-0.2579054513199252,Em
0.0,0.0,0.0,-0.28337623863745975,-0.03130080856524279,-0.11698282293826909,-0.56199453654707,-0.25485426661241944,-0.18376015023091832,-0.7235365820144797,-0.5045870306428121,-0.2604972765606644,-0.7372113828833708,-0.7616622141597261,-0.3200898488513427,-0.535931145077989,-0.8279763371998616,-0.03550271115443164,-0.6718021450715889,-1.2036701882150722,-0.17988576594218836,-0.6952970057520635,-1.198718408338865,-0.2751722290888495,-0.6696378888412297,-1.1257847107968866,-0.31890156300859257,-0.3553267373419823,-0.9347421621655363,-0.05114606931918108,-0.45520122402323354,-1.3582053698588032,-0.2367921425431669,-0.4526689975567276,-1.1372498750327928,-0.3160276221103162,-0.4179280951558814,-0.9180105373757879,-0.3186273033038677,-0.1629146081593929,-0.9852065961263777,-0.09286524589005193,-0.2370506270543621,-1.3815246732102635,-0.2627808508353556,-0.26154644975846325,-1.1589256298594488,-0.2884120587985748,-0.23300451035626774,-0.9221050166172517,-0.25098131406853214,0.04352239928377054,-0.9824918107830238,-0.1461396667960409,0.02819860424175992,-1.3559355717777661,-0.25506177400704205,-0.03369637519069917,-1.31148118868236,-0.2716183763082358,-0.05292314417509386,-1.1710562004561391,-0.2502513540850134,A
0.0,0.0,0.0,-0.27721180076121177,-0.061520711488488804,-0.11370986753120686,-0.5291277746333266,-0.24329686728468605,-0.17775690901285823,-0.7354565909435192,-0.407835526095915,-0.23556926385780866,-0.9243375891712606,-0.5207216151729748,-0.29212373560661115,-0.45863845589144414,-0.8387084936300883,-0.07574916244955936,-0.6420114764107555,-1.1659218077007336,-0.15397594310455376,-0.7403140295025269,-1.373407509412064,-0.22398026700579465,-0.8071247582431439,-1.5621891959751595,-0.2782662072803272,-0.2922546531954867,-0.9563405343733924,-0.09194669203281354,-0.44322413963459995,-1.362850273619283,-0.1556799975810956,-0.5268593625240382,-1.615530780198196,-0.22159432515155214,-0.5918483429163096,-1.8254706259300992,-0.27293888847146613,-0.1046284196537504,-0.9797517075688693,-0.12719499203569193,-0.18096184789209466,-1.37965745984578,-0.20558400462122917,-0.23571695222659134,-1.6317646564183306,-0.2672858226279677,-0.2931985914695476,-1.8506343157846254,-0.3129414061655608,0.09627000618601672,-0.9272850686605607,-0.1729387116915336,0.13145689290589,-1.2381084964801914,-0.24043001479505421,0.14056730575735957,-1.4445180035179086,-0.27283805490330565,0.13145546052611143,-1.6367744046937902,-0.2975804758967128,D
0.0,0.0,0.0,-0.22610431906857825,-0.07552213727806692,-0.11257130272479401,-0.37172850288311327,-0.33555190988896105,-0.1652984850780066,-0.2704701274093542,-0.5960302924526876,-0.20487726670181092,-0.1606920851045899,-0.7893578936286619,-0.2520805636370086,-0.46874714658952943,-0.8523681032085908,-0.12689624740529373,-0.6275928217680351,-1.2301889989074248,-0.1989673821428573,-0.7161565161448382,-1.4830799898590652,-0.2572666662911874,-0.8025313371506899,-1.7013900174247427,-0.31091928286796594,-0.29350980304703694,-0.9559560635904192,-0.16181932184442585,-0.3843221854551692,-1.4100972790844908,-0.23556339786442718,-0.4311752050426327,-1.7079916928508512,-0.3126109775172844,-0.4790264430606611,-1.9543665629520872,-0.3695704071446036,-0.118877960369843,-0.9267515556610256,-0.20968018168794536,-0.13511862123058124,-1.322109055671772,-0.33400764984547454,-0.13784484597672872,-1.593816782724227,-0.4388154677144825,-0.13897298969417954,-1.836965583437881,-0.5108611536429049,0.059506761961947825,-0.807169424750466,-0.2613460138718414,-0.02137344511888371,-0.9475196224856361,-0.40295182919084105,-0.06356410804354902,-0.7841052349077104,-0.44252615229359776,-0.08152909808910888,-0.6250136822523245,-0.4641388254112358,G
0.0,0.0,0.0,-0.23345791996230453,-0.07460280646192598,-0.12345623975610621,-0.37560162354499715,-0.307774773763334,-0.18085305968015192,-0.2805655837660862,-0.546517678280214,-0.2275529664369465,-0.1468007136662797,-0.7325775429701957,-0.2764403438834309,-0.4360934605046283,-0.8662393860083557,-0.10401040021792714,-0.5806504737172725,-1.2162100492952277,-0.18020037974029934,-0.6576714958597046,-1.4505990675663583,-0.24360895136268385,-0.7283882430394801,-1.6632100106149068,-0.29632827552180885,-0.2635109839310335,-0.9646563954837486,-0.12985898616203728,-0.3463321259362737,-1.4090830164768142,-0.19201575562327097,-0.38302564614137674,-1.6957198378042138,-0.2536779046602875,-0.42498452669883674,-1.9325806878797687,-0.30262854971704894,-0.09983392359985141,-0.9312324075411018,-0.17430878247652531,-0.10271961581177415,-1.2890125688250718,-0.27167610155200766,-0.11863414294652061,-1.5104225135432894,-0.34924838272014885,-0.1451235452409726,-1.7076646691759267,-0.4053834131658433,0.058346724759997595,-0.7951411349925966,-0.22842930971726133,0.01630233875001458,-0.9964275116324064,-0.319413053947462,-0.018109867947200962,-0.8507026247663132,-0.32764993319376534,-0.040634714150628914,-0.6907581344213592,-0.33419705765887453,C
0.0,0.0,0.0,-0.24779087091640808,-0.06633447157613272,-0.14432090240366222,-0.4720605759067863,-0.25513841209154664,-0.23259225950840548,-0.582441788254202,-0.48317778311567755,-0.3183148125363806,-0.6610933325833638,-0.7216676596752342,-0.3971484594792407,-0.5162763987389074,-0.8774796173415528,-0.11192663852410555,-0.6623936600235032,-1.2346626322582546,-0.23102587465757127,-0.7515418680565238,-1.4626984241730685,-0.31100981956596757,-0.8184253009513487,-1.6692220412467604,-0.3676960614727173,-0.32665494028846276,-0.9451436663201742,-0.13294061523277517,-0.4051865227467233,-1.3960507188229159,-0.317883128756602,-0.3878537602473706,-1.191334922207003,-0.3878864959265791,-0.37346771547398305,-0.9844489511693543,-0.38877895917653243,-0.13027785129337582,-0.9241001079644556,-0.17224154961287164,-0.14614934985088618,-1.3200271046553798,-0.3563317414489988,-0.16286428403158493,-1.0507059165161392,-0.35979813967691604,-0.1796288320724712,-0.8223744161212025,-0.3115226812475829,0.06775772290867711,-0.8232575921995661,-0.22273067172758165,0.05547347922731447,-1.114531185625921,-0.3474979134211895,0.02161436458300081,-0.9561817628714033,-0.33842811101358267,-0.0013835108773692934,-0.7922563346361056,-0.3014019165851823,D
0.0,0.0,0.0,-0.24061429209468496,-0.06610645515683562,-0.15223009362239193,-0.45111552841376956,-0.2622935027763597,-0.24928081554922896,-0.5491064810502136,-0.4639547266871051,-0.3446873560811021,-0.6070145083043045,-0.6772412487043157,-0.43143420117874515,-0.4664595462253676,-0.8788235158204881,-0.16127294748918167,-0.6246674068602708,-1.2516742115082111,-0.29634554393144785,-0.7171524551684106,-1.506437633849998,-0.3779918345943976,-0.7802328790632996,-1.7315624677798915,-0.427045953286503,-0.25432516369215574,-0.9671187678423774,-0.1792277013826824,-0.2914145124459145,-1.414989317318452,-0.3292851802931334,-0.30635672252071333,-1.6963210955371502,-0.4049312086912061,-0.3210782895284693,-1.939642806429792,-0.435876671317567,-0.04335599937578594,-0.9344723130752641,-0.21561652050851793,-0.039702915533626405,-1.1859574541503568,-0.4205528771021249,-0.0733256734876219,-0.8507412966169562,-0.42666657920951157,-0.10483112991352889,-0.5847605599737903,-0.3721094020244891,0.1646077205729277,-0.8146795971864277,-0.2621785048222251,0.15221755879388135,-0.9649067666005526,-0.42190252967193426,0.10912991564014095,-0.767164076368936,-0.4108109467999501,0.0715198395602108,-0.6055501746233592,-0.36142359289393955,Em
0.0,0.0,0.0,-0.23906891380415687,-0.06644308656853751,-0.13766498299705296,-0.46667352134378903,-0.3076231388002563,-0.23744934505635076,-0.4817019731500334,-0.6075092279769841,-0.33965019417398773,-0.38052888874916324,-0.8411685919006967,-0.4378771328122118,-0.5060654980595648,-0.9007548083909301,-0.15857646893359292,-0.6623000815469652,-1.366082081549248,-0.3099920855669014,-0.7205705524027809,-1.6639630157385144,-0.40685981889786155,-0.7612097732612022,-1.9229098992220974,-0.47325304801271767,-0.2874759453333554,-0.9577878579595241,-0.1772246914315975,-0.34399432897697385,-1.0796302981419366,-0.43543001395472164,-0.2941971049090918,-0.687309846944914,-0.49555690754958953,-0.25384972625523966,-0.40007223510368695,-0.47330044975254304,-0.07283362951039951,-0.949338134325369,-0.21223397824701193,-0.11737717690364347,-1.0082703554413242,-0.4429088905031274,-0.10450380787817344,-0.6309103715511644,-0.4008519472612159,-0.09927649781546277,-0.3887221841575144,-0.30870606699495073,0.13422389094809903,-0.893545607998341,-0.2590675434350118,0.08747123506924903,-0.9649655218162786,-0.3960935816089253,0.06306299031791912,-0.6976292735601585,-0.3467389030275115,0.0544028507807352,-0.5250292959440758,-0.26977746086538246,A
0.0,0.0,0.0,-0.26691724415022366,-0.08498556773250503,-0.13521937591035982,-0.4977439113794812,-0.31278577966104565,-0.21483038655296252,-0.616125744130631,-0.5685458124707992,-0.2962921935130528,-0.7368674063476899,-0.7872120809434622,-0.37072178013534063,-0.5607542169434919,-0.8375921010026005,-0.12146337150825025,-0.7497479689203673,-1.2110659113165745,-0.2662721187086056,-0.8524314779678502,-1.430093561162844,-0.34197925865773265,-0.9384797486393532,-1.6485932381500832,-0.3840022207489855,-0.34778298625568155,-0.9375750607130505,-0.14402309267955016,-0.4606192197619455,-1.3063776821607784,-0.39087262513731535,-0.4272382884369668,-1.0209693029147449,-0.4569572713081106,-0.388045887212518,-0.7549052878544529,-0.42435192600555904,-0.13266685770640133,-0.9570987511467519,-0.1839150124609192,-0.1797995133187851,-1.0066780405247817,-0.42852512718068564,-0.18397833468247995,-0.6060541063231015,-0.41787194604621175,-0.19317725141660397,-0.3288084499697186,-0.3268327854928514,0.08078153673685057,-0.9145882945488164,-0.23233897949181087,0.034064710105243694,-0.9706825844831684,-0.37080890930146904,-0.0005192664397451547,-0.6881356284111059,-0.33446552135484614,-0.032969260634009546,-0.47414951511708686,-0.26113213139649233,D
0.0,0.0,0.0,-0.2877022193569708,-0.06860681785397492,-0.1401622206746702,-0.5490488623571659,-0.3119325796388523,-0.22004871816110408,-0.6910480604971373,-0.5889390259645743,-0.30256473837742154,-0.730640322159891,-0.8658069068903513,-0.3750652917981417,-0.544302655778383,-0.8566383596083964,-0.09765780522834844,-0.7066592156151886,-1.1890193113546974,-0.24094102224330233,-0.7976887575474246,-1.403815632500429,-0.3301103510117319,-0.8754190274348517,-1.599175354932392,-0.38100867473547206,-0.3299903569665813,-0.9439843029992968,-0.12411924438913788,-0.4354468254607321,-1.3942215500553297,-0.36334845301897545,-0.46838603479437657,-1.3076490585023859,-0.4635891777408418,-0.4952841206558676,-1.1224477923831477,-0.457039878646356,-0.10675384512834882,-0.956749264675482,-0.16810184450200683,-0.17705023162622768,-1.0273285213685146,-0.4269403034457044,-0.19046975766704408,-0.6440364005852636,-0.44821665164611774,-0.2113078620433714,-0.34236667959203354,-0.3686110685192492,0.11558404139426474,-0.9038159153738531,-0.2193000516282904,0.05375490273798857,-1.001596625963759,-0.37924671455249437,0.017669684886068775,-0.7343840476992305,-0.357064498466248,-0.019839449600393157,-0.5012047168274772,-0.28636469739113807,D
0.0,0.0,0.0,-0.29045231380546405,-0.06234292469274926,-0.13551689372288553,-0.5521037661858136,-0.304195401316829,-0.21239607544066663,-0.6859175521418558,-0.5857893042378874,-0.29266455116938955,-0.7324812452761423,-0.860914046195296,-0.36312353405495135,-0.5550187273186223,-0.8501115111445146,-0.09316260817406634,-0.7141178341087676,-1.1793496601779223,-0.23732694617578348,-0.8012274468759301,-1.392591849094359,-0.3287083709131299,-0.8746146629924816,-1.588796475420686,-0.38083749721800036,-0.3418241818315536,-0.9397639217990809,-0.1202438821092114,-0.4458069192954645,-1.3741285228493956,-0.3559014367521845,-0.480199758087525,-1.298791601479028,-0.45603900915590045,-0.5074406375110524,-1.1305058886381747,-0.45136964679866276,-0.1201521006468543,-0.9560337445559485,-0.16485834642397545,-0.18616003017474608,-1.0231339337331191,-0.4187570387759528,-0.1932286816039275,-0.6411150324051726,-0.4373792558578578,-0.2065878991986715,-0.3380802250277444,-0.3575279834308028,0.10255425132737896,-0.9079895658850772,-0.21707186966086897,0.04446003154157028,-1.000803050016158,-0.37458593060247747,0.010026900020672925,-0.7343287213429435,-0.3517645918111954,-0.0234296773222675,-0.5016872169805913,-0.2808039236143902,D
0.0,0.0,0.0,-0.2878365275788416,-0.06155312939754523,-0.13450773472720945,-0.5529480631762511,-0.3057728441966551,-0.2100811155323673,-0.6875674447100614,-0.5901051168880621,-0.28856370564624323,-0.7266267068645064,-0.8656429159174907,-0.3572535276354597,-0.5528869392785105,-0.847318298824298,-0.09436195435924298,-0.7110502092987513,-1.1767671027864304,-0.23792410834208635,-0.7989862139331452,-1.388377218140907,-0.3287459488750829,-0.8726686167885993,-1.5861105714609967,-0.3811488103152631,-0.33945047460448863,-0.9406239287253899,-0.12127970633796967,-0.44079880880025796,-1.3696221414553666,-0.3578059280394272,-0.47377324150953065,-1.2981715794910764,-0.4587870754276195,-0.49884168007041196,-1.1364864541753463,-0.45520416445302536,-0.11708064312585437,-0.9595415022015755,-0.1652185281336727,-0.18080503526590985,-1.0193970790641005,-0.4197304396906555,-0.18886820515134856,-0.6348816464776051,-0.43878492796903473,-0.20356140781984267,-0.3309346058514083,-0.3595696185419246,0.10494154618438001,-0.914037761953645,-0.21662650604296546,0.05036254436922478,-0.99567936949347,-0.37507915951657206,0.016902667847092268,-0.7278459103247974,-0.3536142680676359,-0.01676295608082794,-0.4978898936627362,-0.2839058224622489,C
0.0,0.0,0.0,-0.2875991518563036,-0.057294693139874356,-0.13370024602622074,-0.5545258424699818,-0.3000642134707555,-0.20830846015716808,-0.689327032987359,-0.5860595357782267,-0.2853917835562891,-0.731752559538305,-0.8624799683566886,-0.35259975533424054,-0.5541493387019595,-0.8450151662117282,-0.09275398413224221,-0.7129697209804711,-1.1742015909467771,-0.23434920802615894,-0.8009084874948597,-1.3854289480007569,-0.3236816429920899,-0.8745032254770244,-1.5828054472781592,-0.37507710542199246,-0.3412531245978488,-0.9399714383704459,-0.11940517596201763,-0.44341706685847443,-1.3683470704065102,-0.35295183963617655,-0.4773543186916049,-1.295875832782914,-0.45127567570405047,-0.5020756981768447,-1.1330697838019166,-0.4456416779641858,-0.11947901721772232,-0.9587075554882714,-0.1631038105235482,-0.18552646667733208,-1.0120721831715178,-0.41380665185974536,-0.1914040784753701,-0.6291260476991148,-0.43048972371204763,-0.20234072058451225,-0.32785281450883913,-0.3500473576020761,0.1023669482835869,-0.9123790127354393,-0.21445362733607395,0.04326350699835127,-0.9880980735016198,-0.36969368897258315,0.010250301423168205,-0.7199858605008234,-0.34648447211732847,-0.020681204436077166,-0.4919150144865585,-0.27577959864271173,G
0.0,0.0,0.0,-0.29843018258742354,-0.09604347401875125,-0.13105557309909294,-0.5691580969637591,-0.33635258595372897,-0.20483625557392163,-0.7119053989440147,-0.6216055868899462,-0.2847026550852152,-0.72280916703592,-0.9021696894032074,-0.3537804978790553,-0.5399852135043429,-0.8701750135110639,-0.05657095083067398,-0.6718284747030495,-1.1690739495959612,-0.19315571398891127,-0.7516594586468711,-1.364254561640933,-0.28600638427161545,-0.8192319523490204,-1.5343417272958355,-0.3426451140210553,-0.33620287933935256,-0.9417895858013767,-0.08863834964216452,-0.43505614744650956,-1.4109698425674717,-0.3216523404063339,-0.4735184763072874,-1.328002382342124,-0.42583273704746316,-0.5020388134493943,-1.1433173219924795,-0.42505492392509164,-0.12163294287066159,-0.9370240615885488,-0.14084468818627974,-0.19062887651278343,-1.1154080823418435,-0.39245167292068106,-0.206618851838476,-0.7587616604163323,-0.41480434978839936,-0.22115839094947234,-0.4585603585932531,-0.338034511612039,0.09541792397616558,-0.8654940230877746,-0.2007623063836537,0.04519967188700459,-1.0592997339493475,-0.35317090018062447,-0.0013967163548926883,-0.841117750460565,-0.3350527867032975,-0.0425524008262279,-0.6249307644048937,-0.27080371507651474,D
0.0,0.0,0.0,-0.2999427188488198,-0.10491438078717984,-0.13138600155945804,-0.5684380298703492,-0.34475789241042554,-0.20604330170632942,-0.7126639759303046,-0.6279638485038092,-0.28722650789059534,-0.7174802773636868,-0.9067625239759715,-0.3578875316267411,-0.5349574522765087,-0.8711242802277943,-0.05783448412653101,-0.6704176592068789,-1.169854040806068,-0.1940277898333062,-0.751885220294294,-1.3646800383333102,-0.28450948950159116,-0.8218784999243798,-1.5386527552893565,-0.33906335231269097,-0.33189543554418416,-0.9433161823402249,-0.0891023138819371,-0.4332580076209884,-1.4120186370447425,-0.3210592488776649,-0.47022448407284706,-1.319673102361759,-0.4229441158493082,-0.4973801569460119,-1.132733232230788,-0.4205096215342211,-0.11873619217106908,-0.9382869622479924,-0.14048156966085226,-0.1896774344924693,-1.113062802960543,-0.3936987209288666,-0.21135499506907393,-0.7582811883125733,-0.4183620588449064,-0.22866948615998928,-0.45836586409374575,-0.34227208396750824,0.09574477429067982,-0.8654785453437571,-0.19914441506925143,0.04717409531449898,-1.0710055363074595,-0.35231319908275777,0.0020152683251691973,-0.8581091186418934,-0.33556718046842576,-0.03741943716559118,-0.640018570636221,-0.27199321192932924,Em
0.0,0.0,0.0,-0.3060120632562038,-0.10329138812671222,-0.13212902118447717,-0.5740645055952575,-0.3433031377344975,-0.20952731708130554,-0.7105082556432096,-0.6253934038779945,-0.2935893595847131,-0.7192805537491096,-0.9087373666163827,-0.366203576454918,-0.5356479941517583,-0.8753708716653238,-0.06304526415592045,-0.6664436414941641,-1.1890666775866383,-0.200348599714279,-0.7452256052348232,-1.3921369014923126,-0.29016443526185826,-0.8105791160296754,-1.5707535737690714,-0.3440434570080017,-0.33049864311593957,-0.9438064668662336,-0.09565097445267556,-0.4248388302198079,-1.425561471082564,-0.3300654280631062,-0.4676480963624211,-1.3323794739394645,-0.43039408067200663,-0.4976927769987176,-1.144064887388064,-0.4265943203337473,-0.1155564216418702,-0.9349149918941233,-0.1485632065558747,-0.1835475119029887,-1.1315650781988242,-0.4007467021289539,-0.20652745396680025,-0.7827850340885327,-0.4217584712755332,-0.2212932750255767,-0.4916381518188234,-0.34385247814416414,0.10229090796811074,-0.8606345007790289,-0.20917396661813784,0.05882217815011679,-1.0887811336998399,-0.3593782581514739,0.013486802820256194,-0.8868209335849883,-0.3400152514065679,-0.02322325003085522,-0.6791044633086534,-0.2755144710440065,D
0.0,0.0,0.0,-0.2966666690915244,-0.10260765423585927,-0.14330190681589347,-0.5552450334108363,-0.34022428536972366,-0.22289860833858163,-0.6904022747773771,-0.6169314242680343,-0.3057973506449816,-0.7025113498961524,-0.8988334908835659,-0.3767176607044719,-0.5226214490772788,-0.8790224952216721,-0.06971803503135524,-0.6501434754084031,-1.1777643267471292,-0.2004140417496998,-0.7262833564141744,-1.3708232991128342,-0.2862350152916567,-0.7914705711431927,-1.541517292066294,-0.3384829481453651,-0.3213895666727786,-0.946947066331526,-0.09436772871916234,-0.41887412989201883,-1.4092170448939976,-0.31630917318434637,-0.455277512953494,-1.3149678338296913,-0.41240240669714245,-0.4792455850528584,-1.1292872467916113,-0.4101199035606264,-0.10911616733551767,-0.9323634059209596,-0.14041586399342176,-0.17515705052544975,-1.1223404217931667,-0.3848230212893644,-0.2035992527709569,-0.7826022494350358,-0.4108443807371397,-0.2240978282814702,-0.4979477029227523,-0.34024210336391436,0.10575307548364854,-0.8517107757909023,-0.19478395849248312,0.06308315557717445,-1.0853812495217705,-0.3433482642344479,0.015946937345299925,-0.8952351743466428,-0.3306272943623303,-0.02169225301675771,-0.693511237549297,-0.2731217623465382,D
0.0,0.0,0.0,-0.2874753402717535,-0.09907756119518822,-0.12344900960529835,-0.5421417871835176,-0.3478105246017139,-0.19172465821314022,-0.6665092032936316,-0.6199997697076884,-0.2657526905983687,-0.6754106299317266,-0.8914225342222776,-0.3291121327598082,-0.5036922801228004,-0.8723974767846937,-0.059601752838553644,-0.6296297667163478,-1.167064012183426,-0.1838222126140178,-0.7024488935519756,-1.359807851011702,-0.2571718322535883,-0.7662541979539761,-1.5293100547429237,-0.29727318708305717,-0.31182731768144184,-0.9501387919391552,-0.08864440675530892,-0.4180680417980722,-1.4347109720989335,-0.2994461168438929,-0.4465757269352091,-1.2892636043987127,-0.37514602000182773,-0.4613596451618045,-1.0626066702856927,-0.35336262691111964,-0.10755102949542503,-0.9415892362238906,-0.1364766350687635,-0.18267707336001857,-1.125898050919523,-0.37206611490519126,-0.20356747384602095,-0.7829600575868353,-0.38504519292698464,-0.21374823695012726,-0.5110740942474278,-0.3023264927061209,0.10541364056660887,-0.8630691597022848,-0.19045670148770977,0.06948142556307471,-1.1081512620544063,-0.3276272267865288,0.031630205860523494,-0.9301331412545639,-0.30382040903117996,0.0023974210068409985,-0.7447243962083541,-0.2364208919901303,D
0.0,0.0,0.0,-0.2602109263600403,-0.12334655335323612,-0.08143223881182093,-0.4687089100154495,-0.3934340345002333,-0.1301063503801275,-0.5447907620485422,-0.6874233800936276,-0.189997904999246,-0.5597891621272116,-0.958770678698276,-0.2415323504926679,-0.43806956202809505,-0.8709753891719625,0.00783336092946791,-0.49429141380292513,-1.1303443106479716,-0.11844668925315976,-0.5540283801772521,-1.1820607441519788,-0.22392059054475316,-0.5831936478486884,-1.1346147620090548,-0.2782512265247517,-0.25677525753945135,-0.9664711413775108,-0.02185537900414441,-0.2900842244428951,-1.3650241322320418,-0.17810393901069616,-0.3412559728718143,-1.2749699343921141,-0.276671970831075,-0.3550364450853475,-1.0551964280066157,-0.3000614701897124,-0.06491370147692128,-0.9736089834952069,-0.07170122177041073,-0.06667113840427741,-1.3332089867168506,-0.22562434138515033,-0.11969301050261191,-1.199716605535117,-0.2770313125151428,-0.13257670839362434,-0.9804941639614976,-0.26324698838505645,0.12702176323447156,-0.8909776695979056,-0.12730159840714958,0.1600437623547087,-1.2219668403869761,-0.23716322386300942,0.11436051352440119,-1.1903758282662191,-0.25562630250880847,0.09424147187794202,-1.0446443433541572,-0.23447839288584513,Em
0.0,0.0,0.0,-0.2590417259987523,-0.07966478542407197,-0.1331785951255471,-0.5011839913911049,-0.3261805875136888,-0.21845946077570316,-0.618967103679825,-0.6184655732497432,-0.3099523989034288,-0.5846407194896053,-0.9168100889185249,-0.3777192749597986,-0.45356856143754404,-0.8687609811708799,-0.05212312570919529,-0.546279180579044,-1.2697122781723231,-0.21987261151219578,-0.5609260343792482,-1.1282908936675882,-0.3310223103721706,-0.5130079741159693,-0.9211918082156776,-0.37936523639888475,-0.284366746767143,-0.9587155747838206,-0.05877443070731184,-0.3596584990385593,-1.407515946437176,-0.21937589622743295,-0.377235478915717,-1.1761188194459427,-0.2834669281131753,-0.33651256756352077,-0.9376969933936093,-0.28745695264797866,-0.09731125445720487,-0.9746785683045329,-0.0959269314752308,-0.15213845029392942,-1.4028663414082931,-0.23242487709866422,-0.18695931528971163,-1.1931338435399967,-0.23564564282934555,-0.161964368012203,-0.9657747666506039,-0.20024593757030537,0.10743854362367519,-0.9364028837497237,-0.14826962247776923,0.09947951754147402,-1.2923591969403225,-0.23252450025230526,0.027634024570740073,-1.1985759018965316,-0.2292028525064616,-0.004242866871354359,-1.0189064019043035,-0.20284485718100767,C
0.0,0.0,0.0,-0.2680795425134276,-0.12649401658118786,-0.10201642405240915,-0.49458026078086864,-0.39198167855483973,-0.16954074750415246,-0.5631947828758488,-0.6987684842402344,-0.2520204810937009,-0.4828389060161727,-0.975717036293308,-0.3122624592702772,-0.4967677807725369,-0.8622069924766239,-0.01361683006600295,-0.6059673463740697,-1.1773904873975727,-0.1789832818402758,-0.5513206452033064,-0.9510332687687296,-0.2778705752574026,-0.4785394059154495,-0.7623155609918674,-0.31408580645415585,-0.32121779848501325,-0.9470053463082674,-0.03347529359294821,-0.41602610160581066,-1.2970247507631623,-0.200222420915792,-0.3698942350925437,-0.9731290765086852,-0.24727881783060401,-0.30743137783253943,-0.7597981747999977,-0.2313218181160186,-0.13019834604969344,-0.9791969678752265,-0.08356553817215202,-0.19816411385869911,-1.3175475515357549,-0.23985682832607283,-0.19087961216819796,-1.0173363750092084,-0.22213922984653575,-0.14575328865982382,-0.7927654524280484,-0.15857269634745635,0.074053655026827,-0.9733213242030181,-0.1449300203807775,0.02562004385510247,-1.312249435097576,-0.2241412327735504,-0.018121468933250347,-1.155092107308048,-0.19360106594997267,-0.018771007370255454,-0.9671980194969818,-0.14156870797871549,D
0.0,0.0,0.0,-0.25070250736514893,-0.10690173432781665,-0.11626249760434292,-0.4783640005960459,-0.3748250625089977,-0.18685805401216057,-0.5582649403848776,-0.6836117689826787,-0.2690087303661077,-0.47836560971778164,-0.9727256213019955,-0.32775566972786835,-0.4824291784744707,-0.8608369505281233,-0.018464206070124452,-0.593854690375402,-1.1629270287115108,-0.18489651785459252,-0.5393505189419651,-0.9468182249824548,-0.2852116978758521,-0.46389665525684365,-0.7639989317226639,-0.32278841149970633,-0.30674660829970174,-0.9517912157068006,-0.03141484103200714,-0.40390457414362,-1.2935127554004908,-0.20013945987042786,-0.3651397587814984,-0.9731461384489389,-0.2471842122640852,-0.30487412697319677,-0.7572612708281087,-0.23014076359605037,-0.11393520543479446,-0.9873910227081734,-0.0765421907840364,-0.1833098072022398,-1.3214935050765495,-0.23770356870735204,-0.18152019564512611,-1.0217665562555938,-0.2198978489020583,-0.13744125575067914,-0.7955701683651002,-0.15484097331712735,0.09426181490651828,-0.9827277879179601,-0.13413696545962825,0.05107486482759055,-1.3164863205153192,-0.22093915180530765,0.0026944743465189542,-1.147425688563609,-0.19283379576483653,-0.0018614856613106462,-0.946269246283607,-0.14093745752945916,C
0.0,0.0,0.0,-0.2670790456787287,-0.0756640019039629,-0.11409813854999495,-0.5091288258066688,-0.27785459509231053,-0.17801007589295154,-0.6924059137044203,-0.44630273533214376,-0.23389620377074213,-0.8531214135484007,-0.5885448562458523,-0.2895920889767443,-0.4432398648312585,-0.8594827974245042,-0.09304327732544253,-0.5910463708911469,-1.2058425249493077,-0.18265487871942865,-0.6850829705787145,-1.4322909453942694,-0.2599170012249577,-0.7526542950918469,-1.630003593672127,-0.31801191590053746,-0.272505161039143,-0.9621543208898616,-0.11149843683797075,-0.36959635451506767,-1.3833456321277382,-0.18405816185658963,-0.41985620447725774,-1.6600227431465482,-0.25259069568478726,-0.45434769990957635,-1.892264375495823,-0.3044944924583506,-0.08853258585629942,-0.9649871474690066,-0.14813561674232328,-0.13728826503284575,-1.3831253255148546,-0.23269918422134792,-0.16174229906292284,-1.650453037718512,-0.2895123039022995,-0.18659653648701163,-1.8848749752371698,-0.33045628790671233,0.1025647782170155,-0.8903288878535834,-0.19499801314258372,0.13196633887719847,-1.210227843709298,-0.27254385648492585,0.149478158557868,-1.416194443555926,-0.3006570190379122,0.15830016038206782,-1.6022447170160747,-0.3190365546540773,Em
0.0,0.0,0.0,-0.2701369097547717,-0.07573780714158858,-0.11247150223978478,-0.5125790242841984,-0.2676395753423298,-0.17699216597407588,-0.6885101463731534,-0.437311694758669,-0.23409596804886024,-0.8424641994248128,-0.5857829016522587,-0.2902597267857364,-0.44345230067482855,-0.8615533443460444,-0.0876794307250608,-0.5899346812453213,-1.2030144932656222,-0.1770857920960058,-0.6817732513381146,-1.42277800807758,-0.25518402992584116,-0.7482019640124836,-1.6167954904383877,-0.3136806083902098,-0.2737648733950283,-0.9617966490350255,-0.10709377057578338,-0.36826820765686824,-1.378111456388636,-0.17895595257910915,-0.4152080966624537,-1.6488696501330944,-0.24643767882983816,-0.44594126359944025,-1.8806039141715527,-0.2978920122405603,-0.09377955934257462,-0.963163473812336,-0.1452791313356459,-0.13966392332545088,-1.3720179699896924,-0.22843273127713434,-0.16200909864191007,-1.6324958570859407,-0.28212326847633673,-0.1848551281159838,-1.8622562438867134,-0.3208807456839687,0.09429332950998437,-0.8888783589946596,-0.19413041040189857,0.12058243233594985,-1.2044188701454857,-0.26868682122161625,0.13507419532618373,-1.4049798661724537,-0.2934811052009811,0.14050537744507263,-1.5868997114697911,-0.3097498360758653,D
0.0,0.0,0.0,-0.27003726785822524,-0.09823816969767882,-0.11108239492655023,-0.5181437577777903,-0.2961091512784797,-0.18171828615694788,-0.7204397414682655,-0.4571327163397246,-0.24510594160167687,-0.8910256547048165,-0.5674189857720737,-0.3097722112714041,-0.41899806519234895,-0.8828716703853108,-0.11421498720945557,-0.5774289442976528,-1.2360966830743363,-0.20777421517815556,-0.669547012435496,-1.4559255310637267,-0.28559598844002326,-0.7367067816767288,-1.6468796078818806,-0.3435259234315886,-0.2434401756760227,-0.9699159143280551,-0.13554198207983342,-0.35851294225780145,-1.4012772045122432,-0.21383706425132834,-0.43060541541192504,-1.6681507993213014,-0.2836930825726205,-0.49244922029235894,-1.8871652188588872,-0.335450158547632,-0.05278963166939101,-0.9644770463853499,-0.17307344161023522,-0.10138279801471213,-1.3995074639069494,-0.2624941369105329,-0.14621362429640244,-1.6726564753894553,-0.32736463471708516,-0.19842197761979957,-1.9046834151653516,-0.3730567028216479,0.14575465808100638,-0.8814573920164254,-0.2192490359457795,0.191384653370742,-1.208012090851256,-0.2992298282779132,0.19830652632438034,-1.4201207249107946,-0.33386208221174385,0.182647971222102,-1.609483087967513,-0.3568197083396565,C
0.0,0.0,0.0,-0.2702747730657113,-0.10434782560615484,-0.09986086413947953,-0.5056372095070208,-0.3103229023120428,-0.15986100028650121,-0.6629654138825217,-0.5078485470816755,-0.21487012686082102,-0.7732524793444931,-0.7005012611567657,-0.26823288323622224,-0.42354255017770154,-0.8820299464054535,-0.07698200026743177,-0.5659147932835623,-1.2230425592654193,-0.1649248367779105,-0.6515636616770069,-1.4315151725967612,-0.24064523949945277,-0.7141473247829503,-1.6177519193099164,-0.2968093359856215,-0.24885082935309838,-0.9685418239447767,-0.1008900341845775,-0.35063250022466236,-1.3781115907685253,-0.17199745099853808,-0.4106379336664884,-1.6339168828984096,-0.2398438241046689,-0.45862950885987297,-1.8533481914057126,-0.29129190592759546,-0.06654516883140903,-0.9586194828164566,-0.14236467412574244,-0.11059567279545003,-1.3541452938651,-0.2234176095469343,-0.14147173201539445,-1.6165783290440017,-0.2777153311987348,-0.17764079015129794,-1.8461929829255466,-0.3172982563692894,0.11969436440394456,-0.8699304025994097,-0.19320668737050573,0.15555040321288863,-1.1780552033172405,-0.2640447984244951,0.16704062749820434,-1.3843602506934618,-0.2889786861350599,0.1619322356778927,-1.5744566789667473,-0.3059023384446275,D
0.0,0.0,0.0,-0.2787533701407873,-0.10991939789858446,-0.107464178110507,-0.5178299241615862,-0.31400128967498314,-0.16690318618157937,-0.6558169195847197,-0.5636288768794248,-0.22137355800060565,-0.725313825890248,-0.8357741431323202,-0.2668860432746094,-0.4393051122407612,-0.8701072304376225,-0.023675510110016784,-0.5519059314255489,-1.1382499563628765,-0.09903374914914029,-0.6044085568198813,-1.2839973763424717,-0.17665035145946947,-0.6394197046803154,-1.4131024474748979,-0.23699482900467703,-0.2654523450651194,-0.9641239819128186,-0.03520549434007783,-0.34561974554004293,-1.2992134804807398,-0.09912042556061543,-0.39582274695863745,-1.4616433881987163,-0.16269409780957164,-0.4431954787027809,-1.5800232520302726,-0.21111832515030968,-0.08735393445582952,-0.9654688736904216,-0.06963363152532534,-0.12540560332563927,-1.307978452466395,-0.1415853117618377,-0.1721545098021826,-1.4826639821737184,-0.18179652166896718,-0.2313808773186153,-1.6155165444292043,-0.21037941415556008,0.10165437013830386,-0.8933653286757711,-0.11645278106149119,0.12634910619111345,-1.1832266591157798,-0.18232155270134992,0.10839985415981117,-1.3615013941400405,-0.2082781402140412,0.06653546846872087,-1.5143060913139572,-0.22445960857817626,Em
0.0,0.0,0.0,-0.2840156760066088,-0.08313761789790165,-0.11075455394325888,-0.5186477734295638,-0.2880515313752927,-0.17507047621466476,-0.639082460441774,-0.5363458765811053,-0.23067218615420743,-0.6773654313675752,-0.8036839442936827,-0.2766531751844034,-0.4490673708052354,-0.8585164289735528,-0.04289831228708257,-0.5555520359996035,-1.1299832268631431,-0.12248722104652618,-0.6004703542303154,-1.2808249506503049,-0.20104308556899422,-0.6378150514514593,-1.4148320187280017,-0.26111286027961156,-0.2609065185700729,-0.9653640704768559,-0.050960395566670584,-0.3381400059401105,-1.2976480753444308,-0.11511863590345645,-0.38672719244262727,-1.4518513407771858,-0.18064061464334558,-0.44751970800733143,-1.5706872274452055,-0.22965021858549917,-0.0710227822387015,-0.9768978432326643,-0.07970627677861443,-0.1154369945596977,-1.3145625708014068,-0.15027252637944416,-0.16989923337748422,-1.486414305884896,-0.1920141752213582,-0.24555572906277712,-1.6256866611732461,-0.22154427514634348,0.12585977905500867,-0.9061309993996414,-0.1199980649466113,0.15452813925622175,-1.197505468586566,-0.1879488029601487,0.14071473490272332,-1.381618683763459,-0.21737977688778282,0.09464908064577125,-1.5460263964228216,-0.23474799273092756,A
0.0,0.0,0.0,-0.279020943005178,-0.07407516626311257,-0.11699955222135679,-0.5160545889193728,-0.2883930124343723,-0.18308972852095062,-0.634550233318055,-0.5384659623664924,-0.24001512362811903,-0.6717823867143495,-0.8119804801837279,-0.28718395319732193,-0.4564786848414249,-0.8537720923490036,-0.05028673714133881,-0.5650867910382584,-1.1219362375139874,-0.14142249394215684,-0.6093571614966399,-1.2793044447019983,-0.2266741954482036,-0.6357278107064257,-1.4031822915161645,-0.28787962549333346,-0.2722497491708283,-0.9622266230345226,-0.05664558382408919,-0.35344536970531254,-1.2975830268289097,-0.13309575976245716,-0.39951133513388726,-1.4640395603038392,-0.2040192530979074,-0.4465121295619804,-1.5694906989334065,-0.25239386717056306,-0.08224885129917753,-0.9714629515279097,-0.08515868882372586,-0.1295092378818799,-1.3084450264202936,-0.16541252146833527,-0.18152526356414622,-1.4895412693625092,-0.2151286454988485,-0.2485612219554213,-1.6219270756522872,-0.2470295922190008,0.1147132281764654,-0.8972039900560949,-0.1251971869868576,0.143477426040821,-1.1913902671011551,-0.19974743878459394,0.12832125699112992,-1.3753610968317682,-0.23498967464839465,0.08451210847156754,-1.531889345053863,-0.2549644766238129,Em
0.0,0.0,0.0,-0.27603575966622,-0.07766222562113184,-0.11988423764817571,-0.5101645864287538,-0.2807070188498865,-0.18939430172226557,-0.6261123908226522,-0.5310329991647037,-0.24893593236034092,-0.6511216548755171,-0.8068862528982781,-0.29750537018003986,-0.4525976030299997,-0.8564353737614833,-0.05212884816097786,-0.5545539471744448,-1.1299339042119014,-0.14072528844254215,-0.5972013185494351,-1.2774195272710211,-0.22326457286347512,-0.6263834220514316,-1.3947279431491948,-0.28310925385879854,-0.26658611825146455,-0.9638111026314317,-0.056898349965826496,-0.3437893513707933,-1.2948385530829667,-0.12975028271428332,-0.39063435919663336,-1.453617102679561,-0.19668503867680787,-0.44287891414660224,-1.5539274218499548,-0.24312847455794845,-0.07810683586193841,-0.9697527122131194,-0.08401447577154861,-0.11625280751503163,-1.3054813022353913,-0.16336166540849228,-0.16834362105434791,-1.4800422755305327,-0.20710321998242243,-0.23983238512772725,-1.6051161204667646,-0.23462882177714167,0.11904693366863361,-0.8915868594870917,-0.12295027842374337,0.1585473175555726,-1.180010085346626,-0.19973680567826152,0.14412934887656711,-1.3638941113627518,-0.23369598956875673,0.09500301689265657,-1.5205207771502445,-0.25147911285655516,Em
0.0,0.0,0.0,-0.2775532127261924,-0.07744157399944002,-0.11280850999804136,-0.5126093837831439,-0.2837264481836157,-0.17919118576333934,-0.6248286323483159,-0.5373276679199217,-0.23714157737610952,-0.6510779932952875,-0.8091168858110156,-0.2855066333871886,-0.44544976086992477,-0.8581206275526826,-0.04816802767260807,-0.5478883843840721,-1.1225733729997818,-0.13609939966576967,-0.5920371924645724,-1.2658773448864327,-0.21867710343301747,-0.6240337370132301,-1.3849629786448787,-0.2792946630915854,-0.26243012824503886,-0.9649509976103928,-0.057140266844197055,-0.34067939419007276,-1.2924857636694231,-0.12914138384112528,-0.3868355137228101,-1.4541003051664143,-0.1967669539251949,-0.4364876170635497,-1.5628184261879876,-0.24547002236628584,-0.07618725525572342,-0.9694220329563192,-0.08791191230760993,-0.11330118943792772,-1.303397257809852,-0.16876958539210143,-0.16201612924440417,-1.4811609963109869,-0.21608706005692366,-0.23030887947241105,-1.6116999728449997,-0.24705228561851164,0.11884362727148558,-0.8903442492093745,-0.12962355416586124,0.15866592643062064,-1.1847729293145233,-0.20759490940854497,0.14510101746426612,-1.3685061611606795,-0.24279093590874043,0.09614545119745276,-1.5229946215452634,-0.262622718275341,G
0.0,0.0,0.0,-0.2774589278727557,-0.07800532469806001,-0.12321174393321295,-0.5164289252295872,-0.28471968796870306,-0.1973554839763233,-0.6407831257976195,-0.5343190295476145,-0.2618163144022905,-0.6574892703841337,-0.8125576567182532,-0.31580774135466133,-0.44869899565599486,-0.8552785543376998,-0.05582873977982712,-0.552680644627818,-1.1118749639348375,-0.1496826172630952,-0.5928543728483765,-1.2505135387993642,-0.23747276995685188,-0.6215154010275286,-1.3677312406867894,-0.3021163898096574,-0.26167709607257744,-0.965155478351039,-0.06162013708171358,-0.3400204421588572,-1.291732933782583,-0.13746683842265936,-0.3874367273789144,-1.4495541592233816,-0.2085008512198641,-0.4424383945815862,-1.559409467059688,-0.25985047479363244,-0.07270847645229267,-0.9699911814867744,-0.09006113217228301,-0.11380247232664306,-1.3010531719850655,-0.17313387815527193,-0.16184625873261,-1.4741337750758883,-0.21764100201763745,-0.2295723959944422,-1.6039904935974791,-0.24627521539238556,0.12210030327859427,-0.8873999405875796,-0.13051723750663083,0.15000034089787997,-1.1788037044439061,-0.20834367569870563,0.13436362822772274,-1.356912280876703,-0.23971322034084044,0.08419538877373027,-1.5073374871021097,-0.2565691770431789,D
0.0,0.0,0.0,-0.27946103057858007,-0.07748136556823938,-0.12481955736497392,-0.5179204992176789,-0.2762084753368628,-0.19847475315618532,-0.6374850703500868,-0.5285625915908362,-0.26133056428110235,-0.6531391678741978,-0.8017990884156939,-0.3133016534163339,-0.45812461686248984,-0.851183896737679,-0.05812667599989687,-0.5539476695533055,-1.1097544140865425,-0.15159210345765098,-0.5954501524477347,-1.2437735155653065,-0.23913420336533703,-0.625323441503244,-1.3559888316420527,-0.30382446911629873,-0.2707186764795153,-0.9626585054967205,-0.061877193783070876,-0.346899324925774,-1.2813644437070189,-0.1372678386095041,-0.391432748108742,-1.4367086473718471,-0.20835023124570942,-0.4422123074204554,-1.5489678035626109,-0.260934446613215,-0.07989676524141334,-0.9700119539545925,-0.08846545255588154,-0.11933990643216738,-1.2957681449356737,-0.17350621981327957,-0.16784918320174452,-1.4640168450025517,-0.22133661017955644,-0.23544936828881768,-1.5891216628916258,-0.2523116044771459,0.1192852651306383,-0.8955010420248272,-0.12702272958764496,0.14493389206838975,-1.1883232686280047,-0.20789362692775737,0.1257720771317002,-1.366655449064501,-0.24359015385273589,0.07331947741084283,-1.517464678848004,-0.2634070131597039,D
0.0,0.0,0.0,-0.28049798391805514,-0.07817412188061239,-0.12174734113832386,-0.518273173402538,-0.27770974015649436,-0.1938835836782244,-0.6394497028104315,-0.5290933605265141,-0.2555976790825002,-0.6538458335486732,-0.7999313353982204,-0.3066903410057859,-0.45907686796672686,-0.8524550903375726,-0.05287657213488416,-0.5536176423424282,-1.112288038310435,-0.14197645957075575,-0.5944645611254861,-1.2455456852266733,-0.22707428124275628,-0.6265867372247734,-1.3583871238643677,-0.29107255674517857,-0.27018969992833025,-0.9628071073962005,-0.057466955996713184,-0.34408362974755596,-1.2811454696711466,-0.12885997535719731,-0.38829277513057964,-1.4343709007734247,-0.19887067974784733,-0.4421820291362971,-1.5496890397393346,-0.25186159082158194,-0.07921446577522155,-0.9700531318810304,-0.08456845987491228,-0.11755580699063181,-1.2938199063191902,-0.1662586400814083,-0.16663744587467288,-1.461375317655284,-0.2140319619216602,-0.23720095222106077,-1.5919195217649664,-0.24634360515081227,0.11947646144414235,-0.8949333823297853,-0.12331164950314762,0.14402745788684385,-1.1876971963185443,-0.20124926742887309,0.12624823769724033,-1.3643452489130246,-0.23578433088179368,0.07423562261708831,-1.5173312660742835,-0.2559982553702402,C
0.0,0.0,0.0,-0.27729129879823544,-0.07899311160466965,-0.1260102757979965,-0.5160042005403295,-0.28574576745204877,-0.20186059172821083,-0.6369542999784431,-0.5401082144000551,-0.2668571102604683,-0.650452933371637,-0.818390992717529,-0.3214960547797293,-0.44992645431075506,-0.8583574103595848,-0.06272652434000883,-0.5487773175659656,-1.1229942794750323,-0.15794515911129156,-0.5923504068675643,-1.2588438449996546,-0.2466748539342427,-0.6229010672431163,-1.3686892723402588,-0.312027812271275,-0.26491810121551795,-0.9642709161062386,-0.06675326424983626,-0.3405787963705466,-1.289982086379955,-0.14468519878813957,-0.38487748224968427,-1.4488172068439955,-0.21959392789210552,-0.4349994612212172,-1.5601688813457353,-0.2753019698337312,-0.07622366676536386,-0.9676827422512536,-0.09343337588006917,-0.11421904950850371,-1.2975112925448578,-0.1804695574671307,-0.16245625331411476,-1.472969678377256,-0.2356290255626782,-0.23115020650438184,-1.6023059997980789,-0.2724940886722236,0.12022374174528364,-0.8909006705673013,-0.13155377973806054,0.14618462321025652,-1.1890280078702697,-0.21423144253878065,0.1284904686272862,-1.3687071585496002,-0.25457591248856554,0.07602323973870102,-1.5184201853969623,-0.2787423060890263,A
0.0,0.0,0.0,-0.2766177629493554,-0.07628684176463021,-0.12957406316845319,-0.5165658708747837,-0.28388332179971654,-0.20794987392389164,-0.637313944427949,-0.5382641098374658,-0.2752598498870904,-0.6501983309986741,-0.8192774799319371,-0.3319906466549706,-0.4507973525095419,-0.8566524771590589,-0.06976020812676884,-0.5514282931710881,-1.125180043889587,-0.17248954502232774,-0.5950949021529951,-1.2642425960992325,-0.2656601660299757,-0.6222484149100931,-1.3673929794303217,-0.331866995562822,-0.2646307609054499,-0.9643498122479222,-0.07361868497483873,-0.34112210866768866,-1.2956341395517965,-0.1592293564244363,-0.3860238931774402,-1.457352217194273,-0.23701918373212516,-0.4331152145372095,-1.5577742005460737,-0.2919752900436128,-0.0738503206811822,-0.9679200189424911,-0.10049434841809941,-0.11273240501754606,-1.3014728620917284,-0.19238811848802007,-0.1602441846037419,-1.480317808312533,-0.24739768823778174,-0.2250863213231002,-1.6012580513696701,-0.2818904290611082,0.12399422472416059,-0.8907599569169279,-0.13914622837803522,0.14912658741036625,-1.1894969257767791,-0.2248846365884214,0.12975574879360216,-1.372496218024874,-0.26505745836662564,0.07791398712122452,-1.5196141190383317,-0.2872295236087483,Em
0.0,0.0,0.0,-0.276823801644006,-0.08944337508280566,-0.12296072071211442,-0.5127373527514647,-0.2915029334059505,-0.19815373804268868,-0.629065770864935,-0.5432840173227478,-0.26398806549170206,-0.6399030976225164,-0.8200349357679357,-0.31907466759834757,-0.4451933543801776,-0.8632784609333104,-0.05622727113601569,-0.5429218789286206,-1.126624185195894,-0.15228385541990644,-0.5832963873405229,-1.257664254137448,-0.24254348120614141,-0.612658699931013,-1.3636621114851184,-0.30805301341042207,-0.2622782890798946,-0.9649922792837895,-0.06169413185152478,-0.3347024249720392,-1.291828633183395,-0.14040205927926347,-0.37935629064787524,-1.4477150401220091,-0.21586601610544381,-0.42928507783816644,-1.5500457084624848,-0.27018490885787283,-0.07331973881095374,-0.968324661096414,-0.08977572546695123,-0.11077082113693262,-1.3019745818188553,-0.17523480319770465,-0.15985537794091495,-1.4747249715506483,-0.22622496778744988,-0.22831573069734135,-1.5900079712810724,-0.2585041109139702,0.1228507052076965,-0.8943689657624405,-0.12961028452094328,0.14692797361722887,-1.1895646479085047,-0.20896843115063718,0.12557496783018307,-1.3688861666003986,-0.2446140410058959,0.07068759245363998,-1.5107072549671139,-0.2638710854269325,Em
0.0,0.0,0.0,-0.27624533175612,-0.08719619696640783,-0.12817882445578652,-0.5115423712856502,-0.2854663848737675,-0.20429021580167747,-0.6269094220011563,-0.5384133153153025,-0.26951308814714653,-0.6426030106377703,-0.816987830810325,-0.3236797694850845,-0.44736081208271894,-0.8617290621755743,-0.057910344581839295,-0.5442993893313998,-1.1232629957715816,-0.15165780472725887,-0.5859298248988214,-1.2556429841611507,-0.24147248729586848,-0.6150938510767994,-1.3638914576074357,-0.3074441205151309,-0.26428030529594787,-0.9644459135859722,-0.059385811697332966,-0.33698259725106855,-1.2885358249742458,-0.13344908075867004,-0.38096493783817553,-1.443071712943043,-0.20761312422281192,-0.42877026014631026,-1.5478459763283148,-0.2626882307680434,-0.0758799893019196,-0.9673562571955613,-0.08380191462708739,-0.11343296480354732,-1.2972406001007752,-0.16480580520418217,-0.15983840375679204,-1.4642586761262266,-0.21386474262216815,-0.22434462481624054,-1.5751502656742284,-0.2463079071984394,0.12014735573351183,-0.8929650167022595,-0.12064899200439828,0.13634560926217715,-1.1808890867806896,-0.19657036086107665,0.11314793895906206,-1.350860676849217,-0.2299131461483381,0.05814703948572027,-1.4841150558609073,-0.24830304077383458,C
0.0,0.0,0.0,-0.27509892541319075,-0.0916806031840543,-0.11763874018604274,-0.5097250440054834,-0.29030545225325355,-0.19092030961236398,-0.6278111982116759,-0.5394666690081922,-0.2550788418842867,-0.6434680518849095,-0.813679917803044,-0.3089097634927329,-0.4452287983397163,-0.8665275739983783,-0.05332897780653176,-0.545271925123066,-1.1288178233415924,-0.1415706349980974,-0.5856815237244266,-1.2577446948950122,-0.22711905722496117,-0.6163606103928064,-1.370660086740283,-0.2916433213936658,-0.2648675708410632,-0.9642847970992566,-0.059791903229245325,-0.3388290569963705,-1.2913074979246217,-0.1298173172502633,-0.3830707491002951,-1.4457501823095011,-0.20203683310628806,-0.433938134931725,-1.5579124063340175,-0.257439757730908,-0.0773254834457138,-0.9651664121452558,-0.08786624882010335,-0.11446373937566877,-1.30233238219263,-0.1670936190432193,-0.1607438330976106,-1.4733891820815703,-0.21856876523253668,-0.23012995801217784,-1.5919685634787724,-0.25430357339841797,0.11864309731328217,-0.890917062050368,-0.1270936363585302,0.13963685704096096,-1.1873398768679788,-0.20303379046052972,0.11568906498092021,-1.3578778108905145,-0.2384600936492757,0.0548893578408776,-1.4914680021106572,-0.2597159675825216,D
0.0,0.0,0.0,-0.2604796523869069,-0.1099130034218687,-0.11786688758665775,-0.44459240916123977,-0.34785987705613725,-0.19959239009005272,-0.4077926319499203,-0.6089273902364104,-0.29282913293040574,-0.3030673008200144,-0.8109265892085546,-0.38445451193616553,-0.4681762429134736,-0.8840745164278947,-0.08457951917415917,-0.5817654969110856,-1.2686884167726495,-0.20852394779433708,-0.6356857236817243,-1.5289121813502882,-0.29169328537321876,-0.6776179086154509,-1.7667260344508589,-0.3486288370243917,-0.2771132596451173,-0.9608372605851928,-0.11381960129400388,-0.3528521955208335,-1.3538432786003542,-0.29972190997654224,-0.3220065973289881,-1.2350126300082813,-0.3762508721523946,-0.28821604019110086,-1.1058864491525013,-0.38488223400007526,-0.0822663241515116,-0.9538836925125451,-0.16110971034407284,-0.10865142896894267,-1.2403767633560576,-0.35894792099128703,-0.11698532605793369,-0.9366622244609684,-0.36808312220827116,-0.11457553378079807,-0.6829235643373022,-0.3129904190378331,0.11645658550176644,-0.88710532824013,-0.21784227715910168,0.10363263491976156,-1.1970619360054018,-0.34028295523514235,0.07046746707363652,-1.0371915610167983,-0.32574374664083605,0.052329635345474364,-0.8533566693573011,-0.281491028135919,D
0.0,0.0,0.0,-0.2482072780391719,-0.09965378834155153,-0.11523170805047146,-0.4436859136196097,-0.3496442402508262,-0.18778635391236562,-0.41367172791760976,-0.6113869887178813,-0.2695316938268668,-0.3103505339715362,-0.8015216006547224,-0.35073301320786243,-0.4674779718518016,-0.886789304575737,-0.08166332413291867,-0.5815668026984164,-1.2767595598079255,-0.19603171676901657,-0.6381513524774961,-1.5469488868954757,-0.27343531564403023,-0.6805469592138376,-1.7884691974697775,-0.3284017450953258,-0.2798043545382121,-0.9600570416290141,-0.10854747320596102,-0.36256734191022166,-1.3440787586872773,-0.29654891496622293,-0.3434844230704154,-1.1000352741042962,-0.3648129459701478,-0.3145818738758969,-0.8634362982566507,-0.36086926753837195,-0.08398353598196687,-0.9552840210995993,-0.15174525128480892,-0.11796987172907021,-1.255188941935126,-0.3384837724565437,-0.1246093210530764,-0.9659542654469652,-0.33898647642473206,-0.11513501536943538,-0.7212596645205769,-0.2798890285985648,0.11507401411973138,-0.8899124114758187,-0.20486709654139362,0.09752136268129796,-1.21356252692252,-0.3196909040867624,0.05484902495381003,-1.0657523099627093,-0.3026506107842548,0.0356074505031856,-0.8799671133105574,-0.2573348964782577,C
0.0,0.0,0.0,-0.24582582620906157,-0.09383601648154999,-0.14504298570796484,-0.39436644154778283,-0.3797369509606054,-0.23796492885324974,-0.27139181777939725,-0.6492149763004559,-0.335555804323517,-0.1336320300207766,-0.8383703507762141,-0.4271596026097962,-0.42967814684689315,-0.8992170653370581,-0.16176473445083703,-0.605983989759994,-1.3218419118633606,-0.3047353274932886,-0.7077735711850371,-1.6035269667924008,-0.39407392539307,-0.7789518698512526,-1.8450574260531485,-0.4483325504248831,-0.23548306815632536,-0.9718784515625827,-0.19224327896845633,-0.33809063331913125,-1.471344883418863,-0.3473200345042134,-0.39914685939306255,-1.793354809736832,-0.4371698404959279,-0.4377363405702554,-2.087711247954068,-0.47834231293196955,-0.03762242682345159,-0.9182815972146077,-0.23930254875972204,-0.05347368697361461,-1.163917212365121,-0.4444111615274301,-0.08324463809995014,-0.850217528469592,-0.4590638253577217,-0.09949333524160608,-0.6173496719032947,-0.40903790428530823,0.14825339410077973,-0.7774515134641983,-0.2974090908106487,0.14426200931145436,-0.9928499191392507,-0.44176261856031984,0.0919493970503673,-0.7884563278982905,-0.417634256899787,0.052676019503787606,-0.6027816380266229,-0.36299203533401214,D
0.0,0.0,0.0,-0.2427658955132709,-0.10338248122293428,-0.146008251773605,-0.3898295962160577,-0.38997222506668594,-0.24023741310997732,-0.2637562760270141,-0.6592318075758019,-0.3388514351247288,-0.12255547786612855,-0.85269776367555,-0.4310174865164023,-0.4224830351991045,-0.8996014879996316,-0.1645450727141242,-0.5990613321933744,-1.3196069139065512,-0.30540660761624405,-0.7009961053829887,-1.596685127773338,-0.3940893399226987,-0.7713809232236568,-1.836616589873418,-0.44941988417510703,-0.22983984093204396,-0.9732284662505165,-0.19479218533099574,-0.32891321730384304,-1.4714233556645917,-0.34664870995397085,-0.38752359513461104,-1.7910136608266205,-0.43722436146308713,-0.4211797199774629,-2.0833973867340987,-0.4820195853447325,-0.0346383991533621,-0.917472429393363,-0.24135042528367934,-0.04587609101513839,-1.1584307688190787,-0.43884443369045256,-0.07854540564763672,-0.852216202308853,-0.4529440263589155,-0.09640299133627393,-0.6251581279529307,-0.4073844088557607,0.1468580732432239,-0.7732880171133288,-0.2997517264810452,0.14490536836068316,-0.9872665722766591,-0.4385838084452896,0.09044962279194241,-0.7865330966502012,-0.4149417534828748,0.05129775130006085,-0.6019585122210646,-0.36410297854820795,C
0.0,0.0,0.0,-0.23915034452297423,-0.08521329569547846,-0.13948135489577326,-0.3815472094382557,-0.3459183697531262,-0.2303431288693616,-0.2600714107590915,-0.5935629526193467,-0.3252718883799405,-0.12738667777732152,-0.7630229348715117,-0.4151568152513091,-0.42241207075061366,-0.9019740284271491,-0.15434615083712375,-0.5824729967792996,-1.2861486991067987,-0.2900569592576585,-0.6755468675194681,-1.548318468310956,-0.3803978086897282,-0.7397787596322365,-1.7741893867322756,-0.43952395574539666,-0.23318639763805446,-0.9724320562160562,-0.1876865179427042,-0.3301720185230004,-1.451489991077679,-0.3312847230547202,-0.38848600429644187,-1.7563586103800921,-0.4236329099848118,-0.42122737481690764,-2.0426106139126476,-0.4740461261056672,-0.03883059615313071,-0.9087969949653698,-0.23681892849092823,-0.038962902142045314,-1.157514322543907,-0.42049754882992896,-0.07966734850081086,-0.8726304501714462,-0.4379092047680529,-0.10479627828546671,-0.6560154988042762,-0.4012007748684329,0.1423021183188243,-0.7534033686665083,-0.2979653922378992,0.14460487255445703,-0.9698646900025943,-0.4270741681593944,0.09192309941900471,-0.7915557148874559,-0.4075773298533973,0.0518559511387106,-0.6253166322775122,-0.36413162335205834,G
0.0,0.0,0.0,-0.2275047106087611,-0.09758091523000978,-0.11574302710115858,-0.37896422607258456,-0.29988151961682846,-0.17852700059884385,-0.29091051186018446,-0.5032350418718987,-0.23041180184994978,-0.1578166684424525,-0.6768000701025627,-0.284504953115559,-0.4150819827380414,-0.8926927193350593,-0.1172478808062769,-0.5801418409992191,-1.2515036410219673,-0.19435511292261026,-0.6579372124518699,-1.4792744623310121,-0.254258746381678,-0.7199627877411456,-1.6928849443538856,-0.3062457017566315,-0.24717915403312155,-0.9689697961296163,-0.15062603126979188,-0.3352215738112957,-1.4213349367463106,-0.22280940868557306,-0.3778419281083734,-1.7078196438805104,-0.29083767323647464,-0.41585899371305807,-1.952226936305782,-0.3432320638011979,-0.08424841187287196,-0.9129150580687092,-0.19999390242843443,-0.09212846948274836,-1.2878531640877147,-0.31379680896967593,-0.12287583792307546,-1.5509210515915706,-0.40893219106643663,-0.15205304950733217,-1.7914095210884098,-0.4765208802709892,0.07606755351473193,-0.7494325021219898,-0.2554125362249938,0.016562020049798138,-0.9392767285494867,-0.3678744736067227,-0.05490431926045979,-0.8054856266922932,-0.39048103283068053,-0.10983214938400225,-0.6516943868074468,-0.405820401563183,D
0.0,0.0,0.0,-0.22255878782886424,-0.0773835837395246,-0.13001170328871786,-0.38005624342586103,-0.27266330769844704,-0.20080220058665416,-0.29772736178170967,-0.47810638146330775,-0.2576116938621454,-0.15246146870606678,-0.6651963861313458,-0.31796289549446216,-0.41521196637386776,-0.8794910255770313,-0.13401063528482227,-0.5639666372710854,-1.238146156817173,-0.21575182767887502,-0.6387651268757842,-1.472654249148152,-0.2790744104350251,-0.7009452516917903,-1.6900351767855437,-0.33393855625053426,-0.24300526102618683,-0.9700249703557092,-0.16146642530910219,-0.3128868502876266,-1.42460019351813,-0.2331380342402205,-0.3492948140869114,-1.7103993199561591,-0.3020841070646685,-0.38712334299235535,-1.9553959599732547,-0.3565038539460326,-0.08166520315347765,-0.9213701001914283,-0.20578952230185327,-0.07785741079169987,-1.3027538151049327,-0.32177535398779533,-0.10280718759171677,-1.5665672747169925,-0.4201920553047916,-0.13041923576995382,-1.8096921948223295,-0.4914324048992122,0.07538384578901978,-0.7667110266556496,-0.2570824743893587,0.01802787121664445,-0.9318412429205776,-0.3784009501521716,-0.03797051671228235,-0.7856586124404603,-0.4088905415448032,-0.07816795186601097,-0.6303585326605837,-0.4292556580189333,C
0.0,0.0,0.0,-0.2285988362842218,-0.08311513053139029,-0.12057285938983936,-0.38832667284775674,-0.2764096552270384,-0.19128212088636903,-0.3179525769506652,-0.49484149178353243,-0.24899549102357627,-0.17925355861820838,-0.6942023632138387,-0.30958161856037525,-0.42082611196109104,-0.8868096791636007,-0.13035437796167168,-0.5739655076286637,-1.252407499258577,-0.20927047280495412,-0.6547588872695903,-1.4820192766220959,-0.26738662682665243,-0.7237235134167301,-1.6987216762692698,-0.3187777053275772,-0.24804961107634055,-0.9687473305485163,-0.164530041427912,-0.3257773017683374,-1.4331796047196246,-0.243103829062411,-0.3641443044153386,-1.7237326155151005,-0.31167287779261305,-0.4033391860548671,-1.9722142687341986,-0.36419300797805415,-0.08615476089364715,-0.9156996581123007,-0.21455042097432198,-0.08871818787997954,-1.3147736531069203,-0.34011839064849353,-0.11369384426066895,-1.586724868639801,-0.4344340436582409,-0.14135353506866338,-1.835481981874658,-0.4994736816653912,0.06941223425981265,-0.7577378096615162,-0.26967124999628134,-0.008334827416967583,-0.9521641533252211,-0.39202153190788813,-0.06404347358431746,-0.8004586717455411,-0.4134657309287406,-0.10109993686793912,-0.6365460106479135,-0.4265384648515843,Em
0.0,0.0,0.0,-0.22947116858928548,-0.07330085289076152,-0.12556671338149253,-0.39486237921492584,-0.2696119857361064,-0.19413546173876647,-0.324377096642918,-0.4953688213539765,-0.24773500782062824,-0.1823286150302602,-0.7072686389378792,-0.30481947557677136,-0.43842968579848957,-0.8731814220483463,-0.12726097481875226,-0.5931333811191496,-1.232197264241525,-0.2019443114221929,-0.6752035599998332,-1.4635551896318826,-0.2575397645734746,-0.7440020794586595,-1.6795048506112151,-0.30838971407472965,-0.2644252755161336,-0.9644061767057577,-0.15750760222650403,-0.34634278218602677,-1.4159536983411753,-0.23359505398425442,-0.38842711887895714,-1.6981712735599064,-0.30333572850859447,-0.4331870187953764,-1.9449001588391954,-0.35729361100677015,-0.10132460860200404,-0.9193823818367505,-0.2039975569237196,-0.10929741396277998,-1.3212566295563013,-0.33284524619275657,-0.1404998833961191,-1.5915546040042394,-0.43507376984669305,-0.17187482867543408,-1.8456544713820109,-0.5063178943291583,0.05729928538606929,-0.7690495330213871,-0.2550246741205657,-0.03290005546342434,-0.9390503851486887,-0.3890945647174006,-0.08851948598114424,-0.7729347299149842,-0.4207655858564798,-0.12082128744210503,-0.6042178902271503,-0.44012038661834063,D
0.0,0.0,0.0,-0.2467180174732151,-0.12508582802508936,-0.09046666699347046,-0.3968036398409474,-0.39789177571611173,-0.14358693782217496,-0.28276315528432044,-0.6905352418056173,-0.19419559191842917,-0.1278200647229001,-0.8812976437672693,-0.2506255442251913,-0.46391369034868746,-0.8247266223339709,-0.08979558617582376,-0.6412946614776991,-1.153777243342475,-0.16768388975498597,-0.7394140366424741,-1.352390066196596,-0.23306091074794516,-0.814169758763491,-1.538326036620003,-0.28912952632125716,-0.3065749868973513,-0.9518465093747464,-0.1214453386104397,-0.44824828593899413,-1.3723028600653704,-0.19072103544635574,-0.5419095003278724,-1.636529257077841,-0.2712608957524501,-0.62515421094626,-1.8745861947477578,-0.3350179451965851,-0.13405542144816593,-0.947831199980994,-0.16578661495445035,-0.17551830856875805,-1.3740661590048395,-0.2532982287499869,-0.20392889237450657,-1.6473814321086944,-0.3472340538449085,-0.24374382573779893,-1.8965351321837034,-0.4173019091972244,0.04847531831609554,-0.8479573273163531,-0.21648571542346992,0.09654600202727154,-1.1435724373561265,-0.3068274263330228,0.10756169854128075,-1.3447184534981727,-0.3624841403233217,0.0950126986016462,-1.5323807799763982,-0.40464619180239997,D
0.0,0.0,0.0,-0.24867372481601682,-0.12836190778461895,-0.08908662480497867,-0.39468977711052,-0.3979894707262536,-0.14171435816756317,-0.28428902640187614,-0.6952997943569127,-0.1914590516517004,-0.13131148722025346,-0.8869551546181257,-0.24735406598579443,-0.4644173555498972,-0.8246168523471478,-0.08880778963093329,-0.645519735076522,-1.1539731107479878,-0.16418320650107548,-0.7429540451560298,-1.3531763242387642,-0.22891919451307885,-0.8166647198075818,-1.538071415308201,-0.28430658362176414,-0.30742929185627643,-0.9515709277341067,-0.12006661574877565,-0.4436864011715841,-1.378027977308198,-0.1860571603653081,-0.5339271210200883,-1.6441454093421766,-0.26664229755564267,-0.616231151153297,-1.883340121180137,-0.3310975056349472,-0.13705598735890456,-0.9471833217220149,-0.1636964262073078,-0.17667628169881444,-1.3726303644908433,-0.2477505662611832,-0.20558870608160376,-1.644510966346546,-0.3434414506275442,-0.24581034860839884,-1.8899662452416843,-0.4151827042047992,0.042157988298363855,-0.8454443819996291,-0.21344133577573984,0.08508834830015907,-1.1494329204125084,-0.30011963231723954,0.09481732759047179,-1.3496636579420485,-0.3557675038405295,0.081309466152216,-1.5343257237079433,-0.3985436084670573,Em
0.0,0.0,0.0,-0.2427346164563985,-0.125465744577319,-0.08759913867128043,-0.39046063043593554,-0.4008524969296466,-0.13879503144487146,-0.2822545819584217,-0.6936881215999616,-0.18802602372801303,-0.12989146036443214,-0.882939460605014,-0.24263952029522173,-0.46077143022956846,-0.8295473358592813,-0.08093438435327296,-0.6358556233456101,-1.1553912332527332,-0.15625133282287984,-0.7323153402515311,-1.353872470781826,-0.2200588708903283,-0.8048902999639904,-1.537639188134431,-0.2741385630137979,-0.30527980120171605,-0.9522626964122036,-0.11265050878619876,-0.4432172055382591,-1.370519748954973,-0.18030605660341012,-0.5349335463488117,-1.6374362850056705,-0.25912647963940066,-0.6150050145038185,-1.8743420523811372,-0.3206369781139032,-0.13436160736985928,-0.9467781892732056,-0.15717010285467853,-0.1749916662490372,-1.3707853056438135,-0.24191522272863378,-0.20234457776687564,-1.6413361550337682,-0.3321946774061976,-0.2407787267429879,-1.8872123334572455,-0.39898109677186583,0.044557412135098846,-0.8482531077963785,-0.20804547964087325,0.08855966306817108,-1.1452316000341274,-0.29358695466936513,0.09802648991873628,-1.3462107194319919,-0.344988434869836,0.0857233939568272,-1.5350919509690266,-0.3838228656078468,C
0.0,0.0,0.0,-0.23973526132256923,-0.12097720006252051,-0.08707863352288665,-0.3905994821084915,-0.400562659559449,-0.13678301727272835,-0.2870214810403073,-0.6939123052165385,-0.18417723705771297,-0.1358389683014428,-0.8777930370465413,-0.23617541636898526,-0.46596960091951295,-0.8325056177276959,-0.08009943599545165,-0.6387119410361525,-1.156449650299159,-0.1548045723628217,-0.7340986050800877,-1.3545108137916284,-0.2174101192724585,-0.8049589790112225,-1.5357391507354379,-0.2702783641360504,-0.3090146786667799,-0.9510572687112312,-0.11104795552990429,-0.44019274766018107,-1.3674320057693912,-0.17787037847956708,-0.5270487763713508,-1.633331824609611,-0.253981998809369,-0.6024061087050662,-1.8673121436596314,-0.3131582439008663,-0.13797978993041446,-0.9441927570374467,-0.15500613062785737,-0.1778051001400171,-1.3646007143658878,-0.23875892696281617,-0.2033581900464915,-1.632601853753401,-0.326494825143615,-0.2407590928268684,-1.8768991475148413,-0.3912871878969084,0.04062012677215069,-0.8462124930699311,-0.20545890147159138,0.08424484738129348,-1.1392742146576804,-0.2902346873441517,0.09254190117326998,-1.3385100215876755,-0.3410541703612518,0.07843156680603557,-1.5270943504267245,-0.37939151135683985,Em
0.0,0.0,0.0,-0.2716878013574501,-0.10658902102871357,-0.07563304408133732,-0.5000743596094657,-0.320049363514378,-0.12883213141931996,-0.6532709896250996,-0.5009330034417019,-0.18117542069551226,-0.7820896116926266,-0.616999218897836,-0.2385225329909765,-0.4543788350282085,-0.8552502360017471,-0.10600607187277648,-0.6325676801206185,-1.2037395703323328,-0.20166068427287756,-0.72913479630308,-1.4205524101361857,-0.27627677038770493,-0.8051328035241954,-1.6148686856779175,-0.3304963959408195,-0.2831027557702076,-0.9590895837591576,-0.14863962234289732,-0.4154592396561282,-1.4048861742319765,-0.23485289702319673,-0.5011894223366203,-1.6803218852222088,-0.31056234312109365,-0.5774555910001785,-1.9094150332982123,-0.3632770953069164,-0.09781973446632958,-0.956136213234882,-0.20230848647054803,-0.15355753361913596,-1.4073857791697773,-0.29911584558960375,-0.19543193737845413,-1.7001394711419997,-0.3740589406841481,-0.24305323975369694,-1.948396576599579,-0.42548003558072445,0.09238748819529084,-0.8651458485511561,-0.26011039781649115,0.14414648088797474,-1.195585209830099,-0.3494871807018902,0.15698587820857834,-1.420208161778662,-0.38844904325396235,0.14995616618658036,-1.6180304265097927,-0.412982070802677,D
0.0,0.0,0.0,-0.30350578246810855,-0.10879816993311162,-0.08147569997038408,-0.5507099691643631,-0.3631620349192151,-0.12407968732336716,-0.7084855047617609,-0.592584340813218,-0.16405228811196168,-0.8417480813504189,-0.7331637331106805,-0.2070080707482112,-0.44907028165033214,-0.871962473834135,-0.08088812381676146,-0.6115056472835118,-1.2327364744161196,-0.16353588121743787,-0.7018462694302787,-1.4610645585571223,-0.22995321328293233,-0.7706588260059982,-1.66070597512092,-0.28050285003984904,-0.26349983930765525,-0.9646594397427726,-0.1151877752772421,-0.38706892662257725,-1.4066901085283936,-0.1884802207090748,-0.46554914166343736,-1.6799061586543829,-0.2571116776053189,-0.5360964283756617,-1.9103668391365058,-0.30732315200572785,-0.06995030802468596,-0.9598649546584795,-0.1630785802356376,-0.119461510399944,-1.4032687222602698,-0.2544250941307807,-0.1618331251142606,-1.6932673835745138,-0.32401167806128633,-0.21139766332578508,-1.9455076212502593,-0.37295603769236724,0.12881321980809818,-0.8746225687711553,-0.2162696413972043,0.1906404560519877,-1.1959772008045406,-0.30227361758332427,0.21668293377339098,-1.4209171438847783,-0.3402066682507649,0.2202234287700382,-1.6286585519235441,-0.3653890757156024,C
0.0,0.0,0.0,-0.29057400816818596,-0.10801220102603526,-0.09116179779171965,-0.5561836276440788,-0.3440768744469205,-0.14942963674508858,-0.7611564877870386,-0.5361782207110287,-0.20439926073157694,-0.9426847096772506,-0.6395607152044869,-0.2640582875176092,-0.44607956047216624,-0.8760294771204495,-0.10868741120247666,-0.6116812722996517,-1.2390931843249913,-0.20211733498795495,-0.7028646038734135,-1.472389040472236,-0.2755961761999296,-0.7705652852748788,-1.6773323626904508,-0.33210625138469857,-0.2605920460954343,-0.9654490072043137,-0.14512888766437218,-0.3825839174065341,-1.41502929598704,-0.23103033288046165,-0.46054273268932766,-1.697154247107462,-0.30627137157617473,-0.5317850596905491,-1.9327371133952111,-0.36125549214663116,-0.059631985663327676,-0.9522772717952668,-0.19516914347703043,-0.11006000239893231,-1.4023635791248548,-0.2990821857058807,-0.1518549553424596,-1.7021853788796069,-0.37717549539191897,-0.20129442005565484,-1.9625855495212672,-0.43119627407450767,0.1485379916620754,-0.8570094747260245,-0.2502332222413151,0.21312072720397943,-1.188978705397131,-0.34500055425671916,0.23796066922972384,-1.420166231637165,-0.39036720521728935,0.24042006463595322,-1.6313643304772079,-0.42144016385677613,G
0.0,0.0,0.0,-0.2915449566031709,-0.09657573373437951,-0.09917295955244268,-0.5518596401836133,-0.325835259169405,-0.1592406473880519,-0.7444055928622216,-0.5272042889582572,-0.21379695474157925,-0.9152046029555256,-0.6587564946190695,-0.27099919521149785,-0.4524832794418288,-0.8693312868655408,-0.10920195721194605,-0.6139280548509688,-1.230418163882023,-0.20177607833520078,-0.7034541431924978,-1.4641381534672147,-0.2754488206469202,-0.7699924680407456,-1.6673087108597233,-0.33173650671566496,-0.26472670654739644,-0.9643234783207182,-0.1399539416708694,-0.382196333630716,-1.4088062119432438,-0.22264608412566933,-0.4568207029866363,-1.6875479216175524,-0.2977044562074302,-0.5247168342003181,-1.9200078349244403,-0.35277581444145967,-0.0644003732271838,-0.9559194174452587,-0.18513993792255415,-0.11223919032599779,-1.4038997255986527,-0.28644154807749256,-0.15251948740231863,-1.6988832795921314,-0.3641852268748742,-0.20257666848632874,-1.9570721218473128,-0.4185611513724157,0.14287315238338588,-0.864699098720888,-0.2360738287333537,0.2104185694306124,-1.1877424502958662,-0.331921370381098,0.233090738615267,-1.4134127262607943,-0.3786738636706421,0.23185112873687047,-1.6209056904313146,-0.4099767379167097,D
0.0,0.0,0.0,-0.2859197289087162,-0.09744612210718999,-0.09399357738553689,-0.5479868239929189,-0.327747707583383,-0.14986452835107908,-0.7336863542878937,-0.5303624926789958,-0.20076772013623462,-0.8984653319730433,-0.6626078147904241,-0.25456800420888226,-0.45507811093508804,-0.8666713815175691,-0.10759286789813569,-0.6202912369413646,-1.2270838885824271,-0.1989603133955128,-0.7116959882618985,-1.4539634567066244,-0.27156675842066635,-0.7819388043954072,-1.6540541773607917,-0.32655109027491497,-0.27018562007244323,-0.96280825230472,-0.13921827746613724,-0.39357951843404204,-1.4050244153712146,-0.21972599100584309,-0.4709687659744997,-1.679837507176655,-0.2923609680350237,-0.5404835450297468,-1.911586415779382,-0.3462491118410517,-0.07122949476478205,-0.958224900347918,-0.18461749678542688,-0.12327721796174389,-1.402046755875333,-0.2818758667596211,-0.16306985291144102,-1.693115372053898,-0.3557623626193292,-0.20907547606924765,-1.945867238798848,-0.40806517226336975,0.13418270291735304,-0.8720330889750701,-0.23569332390698236,0.19513143903408262,-1.1995075699554596,-0.3259083149680057,0.22059547779742616,-1.4265090447890885,-0.36827150420596555,0.22602160255901382,-1.633081240113115,-0.39705728810267954,C
0.0,0.0,0.0,-0.2876470500463082,-0.08938618034983097,-0.09311476078028656,-0.5515842640863209,-0.31870131466703044,-0.1476170237019543,-0.728374149207249,-0.5316300877967639,-0.19711209213243105,-0.8838737454252479,-0.6759075706386495,-0.24953214094904264,-0.46091497190021663,-0.8648462199315702,-0.11009372149948476,-0.6255472183004285,-1.2291528544277197,-0.20127514910150796,-0.7176620758674946,-1.4596665458530769,-0.27258111581228733,-0.7886601912622249,-1.661019209718726,-0.3270064428675474,-0.2728440562602608,-0.962058273164078,-0.14295634490185008,-0.3942372826423791,-1.4106727507606542,-0.2240272887985946,-0.47267005123022493,-1.6902216518391437,-0.29740082506831605,-0.5453910616535266,-1.9237365430821203,-0.3521455434344064,-0.07249988625094095,-0.9567924610728898,-0.18921862785175073,-0.12424244955284779,-1.404571375255624,-0.28704937271367004,-0.16567475935998127,-1.7013096609234353,-0.36232603746850384,-0.21579426630645612,-1.9576728174008007,-0.4162773773415939,0.13419057215665373,-0.8695512098464814,-0.24090637232664677,0.1965665704360149,-1.199675794327358,-0.33304822331274697,0.2210637761262791,-1.4320648504586613,-0.37759251072451727,0.22449009147927868,-1.643565930562501,-0.4083002057289435,Em
0.0,0.0,0.0,-0.22785097438394927,-0.13311407255690194,-0.12790476212057025,-0.42666642391281007,-0.39734491734827954,-0.2022461964019134,-0.45355480012524957,-0.6898810939089146,-0.27986386419551595,-0.3540171644865922,-0.9441627721781146,-0.32919494713365166,-0.4439096479069815,-0.8771328247602489,-0.018759712150328015,-0.5635528644362682,-1.041586022620409,-0.20577579104119345,-0.526333335475185,-0.8048439632431769,-0.29982470811752326,-0.4572530058723056,-0.6974144007328573,-0.33569893568677633,-0.26112085719624667,-0.9653061161813372,-0.03208732135879822,-0.354637384144192,-1.1037890762656766,-0.22147930767131366,-0.3296302393010571,-0.7448629824006696,-0.24908233655586623,-0.28546968535121664,-0.6843428015855643,-0.21783353296257282,-0.0637061084911627,-0.9701487567265689,-0.08412360697386999,-0.12760168621433585,-1.0181256172182171,-0.27211242012406256,-0.1343364792776341,-0.6896890848748665,-0.224365094241569,-0.10454079167266998,-0.666941093944242,-0.14008311289121364,0.14042667058377084,-0.9242710426190575,-0.15036135838865997,0.07399306868435081,-0.9928982715384159,-0.2370630250140694,0.03926838726487415,-0.7633402962049465,-0.18230795671804137,0.05273771941126687,-0.7171212327035719,-0.11319674470976016,D
0.0,0.0,0.0,-0.22958828822749833,-0.13052322637876096,-0.12029386422936807,-0.42230857982902753,-0.40036895098641045,-0.19077695489956362,-0.45007804504883764,-0.6828434288585862,-0.2633822674811049,-0.360955166328567,-0.9285599855762721,-0.31090985696470086,-0.45192851000791545,-0.8776856008252286,-0.022252656334782964,-0.5583501524210079,-1.0542143890912523,-0.1918022441610974,-0.5301541772774279,-0.8733819881837958,-0.27853820263989126,-0.4711066237126147,-0.7552764720261337,-0.3099931143486537,-0.2633374798282182,-0.9647037740766452,-0.03536025741717208,-0.34252416061114277,-1.1250249250137077,-0.20720510098182232,-0.3266751142980175,-0.7885648039105652,-0.23159109537446476,-0.2919326411969742,-0.6994864237851478,-0.19796635671519885,-0.05976343446798048,-0.9689842266306982,-0.08344826327778238,-0.11339517074572746,-1.043508703756354,-0.2559678680188317,-0.12089045160866067,-0.7274638093399747,-0.2104460657095364,-0.09476275033580901,-0.6711088111023417,-0.12835822617195017,0.14947598462648348,-0.9178738171689412,-0.14454143481323967,0.09198900458994903,-1.0182795618286993,-0.2319169467443066,0.054706988873852946,-0.801045488751281,-0.17897628860761022,0.05815367828223229,-0.7307215748895028,-0.1086431529975565,C
0.0,0.0,0.0,-0.22135816820481655,-0.11810300660187419,-0.13723404514952758,-0.4227421042817344,-0.37829105097704263,-0.21667374624778013,-0.44082421798070925,-0.6740713351418552,-0.29613598490125126,-0.331378223106351,-0.9302215303998775,-0.34411701517359505,-0.4554075705212715,-0.8685945285474124,-0.025641714456827523,-0.5680671099069661,-1.0318402582520652,-0.2082592399096777,-0.528662914657079,-0.8196160171673781,-0.2922655807525464,-0.4622918869572861,-0.7035242930794914,-0.3183132630517643,-0.2695284362252886,-0.9629924309494601,-0.03130073752171577,-0.35670758559606697,-1.0789655090570007,-0.20979145365831892,-0.32590366960711126,-0.7228252481267804,-0.21961211239094494,-0.2812648033422648,-0.6698176954098003,-0.17382522321638058,-0.06865612855706796,-0.9685278617530259,-0.07780678640210172,-0.12329415682054952,-1.0201046682921655,-0.2539227877798922,-0.12529533629254247,-0.6989787013390305,-0.1940718327088208,-0.09743606846645331,-0.6706756768222586,-0.10201327834706528,0.13870077775748638,-0.9174238257687582,-0.14037395402786526,0.08228746367891515,-0.9856038160902892,-0.22650900905713542,0.050331023745506805,-0.772831938319027,-0.17185221568841083,0.05810337166760451,-0.7297422051600081,-0.10010396531782384,Em
0.0,0.0,0.0,-0.2262891916632935,-0.10881438499393108,-0.11940678684801626,-0.4609331165437782,-0.37110635178453344,-0.2138247598141032,-0.49225589998461095,-0.719912941845836,-0.3178146026288339,-0.38048831091761726,-1.0079027427051384,-0.4100295056417332,-0.49430189960096094,-0.8808662264544366,-0.042641212992020304,-0.6359035552301322,-1.1916381287978057,-0.2003363974645152,-0.7102523413439047,-1.3699466291000388,-0.2770431227705435,-0.7240542456685748,-1.4661190354675253,-0.3126985470610295,-0.3010628424729427,-0.9536043020467725,-0.0694042243043561,-0.4193701923626733,-1.1695285419218673,-0.2595493611789021,-0.37582578714304055,-0.7946584186040345,-0.2538735928614652,-0.3110387106106073,-0.7045586472862323,-0.18895096392398977,-0.08966391874185978,-0.9672608282659569,-0.1295418647895506,-0.17610472599775923,-1.0891192356005341,-0.3148459028274734,-0.1752826071764277,-0.7462858261872949,-0.22299409290264502,-0.1336703784052841,-0.6907897066017596,-0.10600719036928012,0.134348809564217,-0.9248476112120698,-0.2058350742598023,0.05024870250284189,-1.061839992023906,-0.29838162107584065,0.015417404434853262,-0.8142926333195143,-0.21618468879874264,0.030841852382569198,-0.7323188219211237,-0.12631610318187567,G
0.0,0.0,0.0,-0.2328757105209445,-0.11235454816823488,-0.11653638352927978,-0.46677549429752174,-0.3759471502791175,-0.20759595216000326,-0.4962437817080397,-0.7229870611898678,-0.3085690305941233,-0.38371189879278356,-1.0075618547148373,-0.3979550985479746,-0.4932346763550418,-0.8784339528842584,-0.03973749577431744,-0.6347768482790602,-1.186915145911597,-0.19836042486112632,-0.7075829551883822,-1.3463410383548984,-0.27818666634290645,-0.7247134917506318,-1.4439653525603282,-0.3168774078509707,-0.30155675987396663,-0.9534482264781423,-0.06787335953800536,-0.4183301548171885,-1.160775166398715,-0.2588589592467469,-0.3776188444455254,-0.793027304580295,-0.25953094623103007,-0.31434887864885463,-0.7117320297340424,-0.20107853366861847,-0.0933892253257815,-0.966212697788534,-0.1289162339257582,-0.1799593012771314,-1.0838682981897716,-0.3138230262840188,-0.18084206526978347,-0.7410936370290294,-0.22636004544552676,-0.13879027177103087,-0.6913276424011948,-0.11313513449898611,0.1263695785292739,-0.9238567821803231,-0.20594206128512704,0.040083238173157995,-1.0442673546750478,-0.2961363637661009,0.005548483076878026,-0.7992608303885794,-0.2160095608331687,0.025648748300267192,-0.7281872979210207,-0.12842269875776885,C
0.0,0.0,0.0,-0.2281088693197278,-0.06956695493871093,-0.1071012870722127,-0.4563367225283576,-0.33696180542823684,-0.17935050873912595,-0.4467492904111526,-0.6438794689809838,-0.25627897061687654,-0.31021116031524165,-0.8493933261953338,-0.3313678854879111,-0.4802411253538477,-0.901126612382413,-0.12580336605535242,-0.6368636791021951,-1.3524892972066962,-0.2669847341516834,-0.7077508156626371,-1.6577451619101486,-0.36230167330837415,-0.7648576868847815,-1.92747766245562,-0.4332235963279821,-0.27159932652552304,-0.9624104144443171,-0.15726628964129574,-0.36599841785784537,-1.1355768402297548,-0.3698438746049483,-0.31934963413088563,-0.789683859885393,-0.4113070266654991,-0.26782677052537296,-0.5936268080844415,-0.3920405107601032,-0.05939170265437681,-0.9454011137821424,-0.20525099763757848,-0.12892969254137412,-1.0354142715486145,-0.39210461723485174,-0.13167824877211956,-0.7171286771115613,-0.3391358083088073,-0.11318292736859852,-0.5702809764032717,-0.2577833607384456,0.1566716807478224,-0.8750109266383554,-0.2657424316028195,0.09681738917931351,-1.0048973177995644,-0.3775235179116144,0.04931186465804045,-0.7565398895343565,-0.32038693621363146,0.033911260250352,-0.6117651778212566,-0.2501202232516898,D
0.0,0.0,0.0,-0.22603861332678485,-0.09394439212352908,-0.12383705977592373,-0.42838638803623413,-0.32268818425029877,-0.21230464121182624,-0.4038845964847802,-0.5805972478879337,-0.30394532629658216,-0.26829451737077425,-0.7904032866501167,-0.3879742544622931,-0.4537714675211768,-0.9127417941147522,-0.1300256599977964,-0.5689813482831506,-1.335348390436585,-0.27051069419787543,-0.6157735828758931,-1.5916002567357022,-0.3530603528544024,-0.6449756476217322,-1.8316142922937928,-0.41140409889072377,-0.2551700951320618,-0.9668961798198887,-0.1479795854113869,-0.3137111355049013,-1.0348330109933046,-0.3564726438173505,-0.29333669391752487,-0.6966571274660388,-0.39776178684034236,-0.26478914828363626,-0.5637647183285537,-0.3807582438265684,-0.059611548304698794,-0.9439079167846736,-0.18472426332687278,-0.10139164323518232,-0.9260371672343297,-0.3684738399261331,-0.12679949948463265,-0.604928338852638,-0.3214861256292095,-0.13040023062976416,-0.5312169721412455,-0.24559956226395482,0.1281468327082002,-0.871110373888857,-0.2362351990182519,0.08310365339435231,-0.8585185775278619,-0.3320082399493947,0.035076217341772076,-0.6191117554938981,-0.28097092329801104,0.021583862753320776,-0.5522116425467531,-0.21703058519642918,G
0.0,0.0,0.0,-0.2308162346949455,-0.10162926990290316,-0.1231171732297814,-0.4349119760283893,-0.33440098793757544,-0.20867210931966051,-0.4150420911395067,-0.5986391027936964,-0.29824468325222586,-0.2886903381334252,-0.8101219460343618,-0.3806822656714685,-0.4614387076897765,-0.9118629434630453,-0.12371491706544706,-0.5809765914546893,-1.3306173326297452,-0.2579158275783982,-0.6264713353644262,-1.586171022922878,-0.33918753704070204,-0.656062018273338,-1.826103116511781,-0.39750216525354914,-0.26038175374669953,-0.9655057443204536,-0.14267924909968754,-0.3229700541851074,-1.0529038464463771,-0.3466968094744245,-0.3022564251657262,-0.7277973807885788,-0.39271417524250596,-0.2739767792147319,-0.5775613527612429,-0.38073004554524675,-0.06102436671605527,-0.9427158454469885,-0.1799448612594732,-0.10937948626891084,-0.9636217263350547,-0.3665615357725898,-0.13421747147644308,-0.6485251914160278,-0.32789497304778,-0.13809547350302007,-0.5416799572014714,-0.25673636613859424,0.12986513074244302,-0.8695949609566433,-0.23088281483840836,0.08717942820722285,-0.9161002853698346,-0.33470085276430117,0.033191379229610594,-0.6819890952186566,-0.28854659561328166,0.011557507953971426,-0.5787120959490656,-0.2269401259715253,D
0.0,0.0,0.0,-0.2266433595997944,-0.09964811335815513,-0.12454002889046596,-0.4283863492756272,-0.33371625400962496,-0.2107194285848906,-0.4092484959887868,-0.5970003840975332,-0.3000543570922946,-0.2839809517201028,-0.8097022844159247,-0.38158751777120054,-0.4554867750423811,-0.9153841919521585,-0.12595760760711985,-0.573546911298216,-1.3272158418267903,-0.25957672995612574,-0.6205629194941854,-1.5786946352293745,-0.3402395993141425,-0.6510951816570808,-1.8171018375837826,-0.39894514353533467,-0.25630587888876993,-0.966595725444229,-0.14496438206828388,-0.32038930605251653,-1.0412765270083342,-0.3492158271527352,-0.3001776249395019,-0.7138367627956851,-0.39516734679092275,-0.2728508002637974,-0.5737126363024423,-0.38396874915284157,-0.05763369080410757,-0.9387581869506592,-0.18227093583737042,-0.10502978841975483,-0.9492043780264361,-0.36898533464914074,-0.13167114840324348,-0.6310063526652021,-0.32929479159365294,-0.13742388701439676,-0.5360175940400901,-0.25855677529225574,0.13327374178753162,-0.8591294535281487,-0.23334324214879124,0.08813611745186993,-0.8988447863866514,-0.33694011100666355,0.032916846906006256,-0.659284153045945,-0.289886965115912,0.011646381083691086,-0.5616229847082035,-0.22836298325902069,C
0.0,0.0,0.0,-0.23723144090700357,-0.10437638324258945,-0.1163111586103981,-0.44558024011197234,-0.34047870248933354,-0.19846417563979019,-0.4252244664046377,-0.6062708338737908,-0.2855629980206688,-0.29711767988629995,-0.8168962153930838,-0.36569281172436635,-0.46968353626176074,-0.9092259173716013,-0.12438140635439253,-0.6052443596371914,-1.33415084687742,-0.2587494628462708,-0.6571923613812867,-1.5891036140899841,-0.3412743459570811,-0.6915899460537563,-1.8278477672776736,-0.4001670954178027,-0.2690908578951769,-0.9631147959600858,-0.1451660928309068,-0.32474155343020206,-1.0655722072675535,-0.3473777286558296,-0.3040200186797515,-0.7467462528807816,-0.3959008596297324,-0.278449603025543,-0.590155443067426,-0.3864792652393462,-0.06909317799427456,-0.9443748913735917,-0.18278287136387814,-0.110527077998273,-0.9779668338598666,-0.36820372562620207,-0.13503816205198094,-0.6616742077006924,-0.3312491248591363,-0.13548109969402722,-0.5413693895052527,-0.2610338774391993,0.1245281356438407,-0.8753726442236014,-0.23321462675035634,0.09025815980326597,-0.9306616540474675,-0.3370271496104961,0.03851570761473778,-0.6981525040453161,-0.29190348225911816,0.021097738831705484,-0.5878959262056707,-0.23058847328588505,Em
0.0,0.0,0.0,-0.23624513100220082,-0.0964232453034985,-0.1292669712567013,-0.44334013362959857,-0.32618789086371086,-0.21871556007390527,-0.4309412628631744,-0.5968175779497887,-0.3106548059560335,-0.30965753237901966,-0.8192575508065959,-0.39465020692846925,-0.48206722424709697,-0.9069171678474558,-0.1344223455345172,-0.6134298661564112,-1.329850318934407,-0.2698081402815663,-0.670330576580118,-1.5894484023066044,-0.3546685998528096,-0.7152918449312675,-1.8318194652864241,-0.4169289011921165,-0.277609788269083,-0.9606939187156307,-0.15287386363310257,-0.33936094564812974,-1.0853689174366812,-0.3646481779719093,-0.32692888815889803,-0.7828078990417651,-0.4216262808702884,-0.3184133825035002,-0.6205027864547686,-0.41644186010778866,-0.07370097030248128,-0.9414396562480017,-0.18846197316575142,-0.11495725217769509,-0.9833850811640159,-0.3825299231437381,-0.1415395578752646,-0.6638513874944892,-0.35111350458096063,-0.15790190857574263,-0.5259255526074397,-0.2824721483324519,0.12218962430829192,-0.8690552654644009,-0.23724146472085395,0.0876977299178342,-0.9398726206804331,-0.34740521239630767,0.03808124587911098,-0.7053358280890049,-0.30468151993976583,0.014089060188161397,-0.5836097808149308,-0.2441108732751978,D
0.0,0.0,0.0,-0.2396268121835893,-0.09973269829295,-0.1250409143354054,-0.44895110575791153,-0.3327262522855349,-0.21365079330237757,-0.43700034836259183,-0.5998462739901945,-0.3064620756401736,-0.31571826721480917,-0.8184968767362373,-0.39216007686908494,-0.4789216079701394,-0.915925622128913,-0.1339154468580396,-0.6214168660943649,-1.3445407235681746,-0.2691854779859619,-0.6826147149240163,-1.6064615989166748,-0.35333837885455893,-0.728984941883372,-1.8464919105228488,-0.41415501761162404,-0.273910647288898,-0.9617551441514502,-0.15512542444540406,-0.34325127680871076,-1.0981418766238404,-0.36699991750548205,-0.3280314147469603,-0.7988754408304579,-0.4230798566407891,-0.31140650537723485,-0.631606993952073,-0.4166742378466112,-0.07069592673674871,-0.9396192339075263,-0.19323811820197834,-0.11976679811176864,-1.0054192280008691,-0.38637289752897397,-0.14514824718952593,-0.6915144825257236,-0.3553841876969223,-0.15640721647681918,-0.5475217466612243,-0.2870432404340859,0.1264833222446173,-0.8668330178193866,-0.24422687195171303,0.08940588860617685,-0.9595423124705527,-0.35382069289505275,0.03954608552431224,-0.7303127456289443,-0.3111534764948277,0.017459925371427296,-0.6022855995066118,-0.2506923708719146,Em
0.0,0.0,0.0,-0.2496112968490322,-0.08777142684328931,-0.12884865723542288,-0.4223169445349697,-0.37367729630022145,-0.20706320611074527,-0.30288436964112114,-0.6340699256867239,-0.2885951327813407,-0.15793528745405894,-0.8194094212286476,-0.36306864873780026,-0.4538539381197378,-0.8897353863544685,-0.14568704382714512,-0.617044176434582,-1.3180752047668731,-0.26730625469257685,-0.7104927798522783,-1.5838961991465412,-0.3343351836265154,-0.7797071352570579,-1.8109494589332524,-0.37535651655032526,-0.25641742455771865,-0.9665661407183611,-0.17230719698586416,-0.3255975997856812,-1.4175353724446753,-0.3081264963371536,-0.34825754906637946,-1.6953505929891584,-0.37887867695826527,-0.35514711661847215,-1.9515043778006929,-0.40657093471638284,-0.056641076832711815,-0.9263599484635502,-0.21347693722151553,-0.08808683950435801,-1.0028008980168313,-0.3765404764066695,-0.11581525662232518,-0.6889120193896112,-0.3802141856868202,-0.12569533832107643,-0.5119805960198417,-0.3358320114800292,0.12604493115896212,-0.8115565256049403,-0.26750879108957987,0.08545320661564174,-0.8292583386485363,-0.37452450570214363,0.040094352705667045,-0.6059808574383714,-0.3466603103450192,0.02186651679385052,-0.4854004820480282,-0.29918134300427934,D
0.0,0.0,0.0,-0.24513477890756805,-0.08205652236164046,-0.13503532240755003,-0.4184919651485774,-0.3588915123368314,-0.22107663164672076,-0.30503892506484787,-0.6145625237322332,-0.31058886683501497,-0.16070346584395642,-0.8089016753459422,-0.393489133219144,-0.45297053937734505,-0.8975669502268384,-0.15404640225658062,-0.6244084749346841,-1.3303345306178158,-0.28259118591752835,-0.720313211052439,-1.5974474042814517,-0.35616048693514324,-0.7904559803589408,-1.825761044800394,-0.39938215936156607,-0.25074778229388794,-0.9680524519232917,-0.18085378841353278,-0.31227889330228337,-1.4492948644675916,-0.32668325158426054,-0.344211817634681,-1.7605965141579942,-0.4078979311755756,-0.36280454278896923,-2.040503293878183,-0.4407564167485512,-0.05344191680473409,-0.9220353050662554,-0.22238827382657092,-0.09039009084334407,-1.0435230367916348,-0.4025509129668863,-0.11166560955004051,-0.7360915760046259,-0.4155764865995235,-0.11814026041671911,-0.5506682830351343,-0.3716126287036625,0.12578430811390506,-0.8029685010953407,-0.2753149354513119,0.0816788069318863,-0.882024847543464,-0.3975578128483751,0.03714489026242826,-0.6502776723679411,-0.3698771657291008,0.015502303138091528,-0.5000924404913402,-0.31745942177714226,C
0.0,0.0,0.0,-0.2480192408688716,-0.08589943463389067,-0.12955039716794267,-0.4244864082290483,-0.36370954164258645,-0.2127082690697073,-0.3097092690580922,-0.6250244954398824,-0.30024532642598317,-0.15941306825669674,-0.8143206709071446,-0.3811229346902538,-0.459568262182722,-0.890585038249293,-0.1504400468516936,-0.6203022025743701,-1.3266507005659927,-0.275126101804899,-0.7102937410782748,-1.5931215302564452,-0.3436185339975887,-0.7774649886662613,-1.8163850425665409,-0.3838543265319577,-0.25977835254567855,-0.96566826992951,-0.1795370426605959,-0.30989525105438365,-1.4578631237438973,-0.3231207370061248,-0.3299750572588196,-1.776105316785064,-0.4020181932060502,-0.33990584592369727,-2.0600298318976416,-0.43381908351849496,-0.06329412290723407,-0.9213485602326251,-0.22248932222950626,-0.09280751590742993,-1.0341288927014631,-0.395837916478482,-0.10451713237554643,-0.7280362735389948,-0.40395575564322056,-0.10456137809240608,-0.5473642632223424,-0.35822433885452615,0.1143661789533444,-0.8023655782019875,-0.2771810278808581,0.07365761968445103,-0.8747538207665894,-0.39123792427383747,0.03818555350468741,-0.6527833082895816,-0.3602716406685405,0.022148605937376473,-0.5136947725469571,-0.3075931151343028,G
0.0,0.0,0.0,-0.23218186998542284,-0.08820845215702393,-0.0900891806069064,-0.39530150712554535,-0.2907478177956104,-0.13793711498191835,-0.3371144293725668,-0.4976702859226091,-0.17848429354799691,-0.2018955661502295,-0.6862345658162856,-0.21960263154072587,-0.44241677152772474,-0.8752977145860289,-0.07684848326451661,-0.6220836632697867,-1.2228676526960383,-0.13556616259092727,-0.7130453310454954,-1.4439043119948558,-0.1761720881515777,-0.7897138579544675,-1.6482436599163077,-0.21542546391851108,-0.2783639396894952,-0.9604756723002114,-0.11935889493377567,-0.37391212542713603,-1.4103484481087667,-0.1941259065786836,-0.420682538854734,-1.6889971228597067,-0.2544668175005234,-0.4686415231075614,-1.926469426208555,-0.2958309346274589,-0.11884613117442587,-0.9120595274986484,-0.17692196426573073,-0.14102703906246553,-1.2822387576296488,-0.3011013876050262,-0.1742732360936772,-1.5451318204719873,-0.38946633336732256,-0.21073493545544486,-1.7893676300635206,-0.443805468412882,0.03710246975372629,-0.7519766760015792,-0.23660583796543427,-0.07545898541636942,-0.9563889552440069,-0.34875772435136076,-0.14318026058686176,-0.8021068233497777,-0.3607052378205522,-0.1880358190758721,-0.6299965950919375,-0.3649259923923836,D
0.0,0.0,0.0,-0.23543816043200008,-0.09344602939892005,-0.08760903325303405,-0.4005576164816899,-0.3008460832397631,-0.13557327497206415,-0.3388785880911877,-0.510393174317264,-0.17808443029579404,-0.2020241424818153,-0.7016338384523733,-0.22268927619001608,-0.43761850149022313,-0.8753053976233703,-0.08081068373013482,-0.6106514025766181,-1.2161526423284545,-0.1439384770231172,-0.7024543431044796,-1.4327111085576076,-0.1890902923220585,-0.7828557118065068,-1.6352958098358212,-0.2311911808782988,-0.2714627279624434,-0.9624489531020274,-0.1259362011733403,-0.3648740979139357,-1.412629655780949,-0.19696747491189234,-0.41286749689311436,-1.6969558910617295,-0.25663252946098625,-0.4620148244086545,-1.934902009109602,-0.29938905923106823,-0.10984272078804261,-0.9117555831682265,-0.18608913076928918,-0.13186903069136405,-1.2843310103006094,-0.30434082560219883,-0.16906115947415704,-1.538415722385759,-0.3902827380385355,-0.20855629300703293,-1.7702799161305005,-0.444367592668888,0.04464575848362322,-0.751308451694781,-0.2489778460822022,-0.06690451774769347,-0.9538480956913384,-0.3562704980257477,-0.13663331833478332,-0.8106618311628808,-0.3683773029581184,-0.18065266507189556,-0.6487171804975733,-0.3736477629483472,Em
0.0,0.0,0.0,-0.24687414382045522,-0.0947013641048754,-0.08178558495465929,-0.4274005382684367,-0.3237944431522616,-0.1171065615369875,-0.36516369479140515,-0.5365593345915802,-0.14954469061534392,-0.21355678221890795,-0.6998873850617356,-0.18791008177633525,-0.47071003775354775,-0.8546482393076933,-0.06024565793219456,-0.6381824705515186,-1.198778807074923,-0.11928177930742341,-0.726786506525504,-1.4217541258240742,-0.16577865360987795,-0.8061930658588838,-1.6243164395997722,-0.2104647415108708,-0.30567976841519645,-0.952134380842133,-0.10263041426148309,-0.40110583956296714,-1.3815917572899752,-0.16188430560109898,-0.4608416472337915,-1.6532467724567843,-0.2245154062168098,-0.5214489965060589,-1.8849956869511109,-0.27356562325105477,-0.14319855624811204,-0.9245294838351564,-0.1602480583918733,-0.18423442879520696,-1.2725590170501133,-0.2652618230598493,-0.2394753905220595,-1.5210633476911748,-0.36497039567796874,-0.29134123524984046,-1.7489854442213375,-0.4360371965143352,0.013268210817199809,-0.7989640034418286,-0.22129931670100814,-0.10153632810771515,-0.9288721851657903,-0.3324079853444264,-0.1701985687528951,-0.7745310561202098,-0.36494220044139225,-0.2081469907473815,-0.6146148312887628,-0.3876068995178583,A
0.0,0.0,0.0,-0.26149592701247387,-0.09440849244612672,-0.046200038445727766,-0.4381692665570261,-0.28628703634659297,-0.06944879608158933,-0.4005027920112583,-0.481905689974176,-0.0943376359257059,-0.2797851760062227,-0.658200052969475,-0.12228396511329906,-0.4847770580318365,-0.8654768028801104,-0.019399828589484778,-0.6723140016127991,-1.2016055795368281,-0.06409658675104986,-0.7612959621101633,-1.4047231906433295,-0.09433877777408514,-0.8447644930692885,-1.5910072630487944,-0.12557206391213663,-0.3255326579226852,-0.94553079729102,-0.07747097630213057,-0.4382114271125673,-1.3851836469524772,-0.1531877255203675,-0.4992400023849179,-1.6575403672976587,-0.2096102454607662,-0.5647202638717963,-1.8939520520023483,-0.24254339249754223,-0.1648920407491963,-0.9022129345002702,-0.14849875442918464,-0.22315254132496218,-1.2500398599678044,-0.2745060708855373,-0.28473669902922166,-1.5000186943329803,-0.3596143839517409,-0.3506298997350948,-1.7372552034617705,-0.4047743116816759,-0.0031498619495406773,-0.7418297309408908,-0.21726680729418318,-0.14701338872135652,-0.9280144918155254,-0.3207070715557028,-0.2076669692746995,-0.7544085669119001,-0.320664618218526,-0.23376435315466843,-0.5696938040738001,-0.3133511379058251,Em
0.0,0.0,0.0,-0.30276928627933875,-0.10443874436454749,-0.09249656843150497,-0.5416888038163269,-0.3327416817432659,-0.15250433151001203,-0.7003453722870069,-0.537054679727424,-0.2099346980806048,-0.8422946973192831,-0.6733822393928911,-0.2713979906042357,-0.4856479887843506,-0.8615365443821185,-0.1083976509292161,-0.6552898434648038,-1.2133039092463398,-0.21069355750403285,-0.7546250648678143,-1.4272676378408076,-0.29178678400527375,-0.8354017477056126,-1.6225133975699395,-0.35143106196757695,-0.2967161949473877,-0.9549657060104011,-0.14480868853336654,-0.4236753145732274,-1.382091252585282,-0.23406164984620614,-0.5103853594680999,-1.6489078164083906,-0.3155018219789611,-0.5938754884036813,-1.8814929539613634,-0.3754039687456276,-0.10259170739186657,-0.9434729480205016,-0.19501196563111384,-0.17428048740313798,-1.3451170740977807,-0.29343143341707506,-0.23749253494499423,-1.6022427053260235,-0.3648700468733607,-0.31133143231095683,-1.832244771441409,-0.4157808194103741,0.09365709811392672,-0.850669985528604,-0.2517050923034623,0.11904296062331628,-1.1572230174696347,-0.3417428846489115,0.1165291468102127,-1.353651667367398,-0.3775612247704736,0.0905423836095482,-1.5285373136159381,-0.401305349694046,G
0.0,0.0,0.0,-0.3008094698992772,-0.0997031547992805,-0.09156190801568617,-0.5366824603793909,-0.33557160789816265,-0.15222754584102374,-0.6905934566757406,-0.5449432670649705,-0.21024915079201986,-0.8377694667640003,-0.6578895252188514,-0.2728136826627778,-0.4726365680652946,-0.8717511751910524,-0.11109660247875401,-0.6451155366682504,-1.2259205004505616,-0.21416631297172087,-0.741899390798473,-1.4430963292973364,-0.29638206965373914,-0.8193597986470297,-1.6415441171107241,-0.3572117464144355,-0.28382378325882046,-0.9588764571396307,-0.1487623414925402,-0.4137542155927475,-1.3809529861413192,-0.24157896470155488,-0.49909227348954954,-1.6475567774344184,-0.32556511931328225,-0.5803272783693189,-1.8801351249869278,-0.3868461394681542,-0.0895797531181333,-0.9422822456687662,-0.1997083100375664,-0.16048263678010233,-1.3431644148609634,-0.3013601755470391,-0.22112297240315543,-1.5997636586535096,-0.3761036373256301,-0.29215542350695983,-1.8279435192554625,-0.4284981648288414,0.10727553992133383,-0.8480408374886445,-0.25697180996258034,0.1355749345860248,-1.157110357843296,-0.3494418276608486,0.1340070172937754,-1.3574059941632486,-0.3894924095235196,0.1093339985400651,-1.536750776799805,-0.4161746689134352,C
0.0,0.0,0.0,-0.2908827532385022,-0.08133483621254456,-0.10474736123348245,-0.5608328880214034,-0.2973425104103066,-0.17166787938861947,-0.7556144958412898,-0.48562752761178546,-0.2326006146434495,-0.9237482027293507,-0.6156839882661217,-0.29789375307002774,-0.46115816649196006,-0.8667963763777078,-0.12827832322031443,-0.6346024758038317,-1.215517397987426,-0.2325240815714514,-0.7327509266352922,-1.4331696489864987,-0.3147625263850572,-0.8085622094380361,-1.6308964689539707,-0.3776386528258915,-0.2739498567958186,-0.9617439763063507,-0.1627799656741726,-0.39684062654014324,-1.4007015756311685,-0.2589414380581065,-0.4837587790394271,-1.6789287469050322,-0.3426139479881324,-0.5683695966286552,-1.9196312956092723,-0.403528967818727,-0.07565760683347289,-0.9473052652379478,-0.21205207939160317,-0.13090216634554705,-1.3996665801746333,-0.3232222665283752,-0.1804321751717266,-1.6909792602319296,-0.40525843229830155,-0.2450607260137349,-1.9516166312770031,-0.46206097342265257,0.12901463515472225,-0.8481466998211673,-0.2672013079675809,0.17443198232707569,-1.1762636768333927,-0.37313292829113814,0.17533671910489546,-1.4011999248458047,-0.4238931681356074,0.14841903147146077,-1.6092123018296012,-0.4575387836054773,D
0.0,0.0,0.0,-0.2949153022293838,-0.08610026768523088,-0.09985076358971776,-0.5592192813027194,-0.30771682823560953,-0.16461643051757774,-0.735406685476237,-0.5140253524350235,-0.2236672376109865,-0.8898954143276868,-0.6644217225696367,-0.28695210862235626,-0.4668796101862843,-0.8698238334340528,-0.12969481635687768,-0.6417661387405718,-1.235087409445867,-0.23536077580537798,-0.7425460028638647,-1.4641367593241073,-0.31840291401289333,-0.822122644293321,-1.6720630038482422,-0.3804256713238851,-0.2753306747766146,-0.9613495823721224,-0.16515092628777236,-0.4000974954322816,-1.4122467206923224,-0.25898670435676174,-0.4838839843451076,-1.693149987656041,-0.34105831035988404,-0.5636031121509977,-1.9391747144656197,-0.40183915516399876,-0.07560452121624178,-0.9499804194132043,-0.2141807227712179,-0.13919519111422754,-1.39759737136224,-0.3205537083687459,-0.1923918548155199,-1.6861687801510348,-0.39716663316838025,-0.2570916686647978,-1.9419846957945526,-0.4516029595916586,0.1291606505479056,-0.8589103769036237,-0.2691571538034123,0.16568890796743946,-1.194024835566453,-0.36816050028509034,0.17162584031884565,-1.4172407431982756,-0.41164093673513324,0.15293012787414384,-1.6205155574601458,-0.4407643084088572,G
0.0,0.0,0.0,-0.29581798628977324,-0.08560339460333366,-0.09944171044170835,-0.5591333477049822,-0.30752435431046576,-0.16339842991987505,-0.7351080823985706,-0.5143722927096449,-0.221624737920317,-0.8909379284796148,-0.6651442794052663,-0.2840726200247617,-0.4671626034154004,-0.8685732849617175,-0.1284673383978848,-0.6425164871201352,-1.2338798055587266,-0.23307552395154096,-0.7438407692929573,-1.4629873280820407,-0.31519968599760173,-0.8236596437040108,-1.6705763104193658,-0.37660912165682525,-0.27558504789959953,-0.9612766934520859,-0.16379118320709252,-0.40098268958744177,-1.4130465948327988,-0.2565907867048747,-0.484886873567374,-1.695140572458812,-0.33801880519655203,-0.5643975737567243,-1.941097870751734,-0.3983953756908481,-0.07601947647805715,-0.9502281973494774,-0.212671942215695,-0.1387671999683606,-1.4000038463093059,-0.31843395194165075,-0.19148800488968903,-1.6887504599039154,-0.3949913575299132,-0.25618508041711413,-1.9443577136553358,-0.4494488317513477,0.12847237994529123,-0.8588630454225122,-0.2674292734568266,0.16623522860897794,-1.1940672981510163,-0.36635795131045007,0.17166354742812043,-1.4174483332900334,-0.41016393512052685,0.15207572374393116,-1.6209979070078977,-0.4395647126619302,C
0.0,0.0,0.0,-0.2956380870131759,-0.08118130749857397,-0.10414083064919208,-0.5492159444657777,-0.3076902039664301,-0.16619281307277656,-0.7003580246522176,-0.5331072057331111,-0.22175444595843663,-0.8413970401847877,-0.7158352268856424,-0.27881906417698316,-0.4737572084773748,-0.8694882597290519,-0.11574813092121905,-0.6417846602927021,-1.2299158129395096,-0.2169123126747422,-0.7405206060470666,-1.454252188398847,-0.29778218835615294,-0.8203762946308326,-1.6555336833008574,-0.35804609666554854,-0.28120466723759996,-0.959647818276992,-0.14458672826901045,-0.40292307196196864,-1.38793452542012,-0.23366458431469056,-0.48317859861001006,-1.6530707162760474,-0.3141996367658998,-0.5598920512598978,-1.8808117926177252,-0.374544607874742,-0.08356134420922921,-0.9541212408527925,-0.1885796456356796,-0.15334891282112026,-1.3722270174745619,-0.2888041905291201,-0.21582493978140374,-1.6397743913881402,-0.3620677421101743,-0.29072430763555435,-1.873451505666958,-0.4150175448918377,0.1205469982105384,-0.8742475734833625,-0.23986590429875063,0.1530592264718289,-1.2011135450833483,-0.33435018377148096,0.1499392741032808,-1.4194937514300485,-0.37881688012374815,0.11987773158363534,-1.6144901414084694,-0.40910078350481976,D
0.0,0.0,0.0,-0.29409077239624376,-0.08096410951936095,-0.09672234859562014,-0.5481099060110761,-0.31309852634601076,-0.15471708069977574,-0.6992316014319815,-0.5355574054739853,-0.20720456238455134,-0.8396845069131569,-0.7050918656102764,-0.26194828755381033,-0.46838666552903574,-0.871403762778394,-0.11081170157786362,-0.6369129353966855,-1.2343003561730492,-0.2073498283731583,-0.7354912581228197,-1.4580678318363007,-0.28486099066202264,-0.8147749661321425,-1.6578749644375572,-0.3429443144477922,-0.27762729368745503,-0.9606888600373066,-0.14211805706829453,-0.40027634896757996,-1.3936924019518566,-0.22720495143228417,-0.48380372274603783,-1.6591531785438443,-0.30535482516974793,-0.5626243519001761,-1.8855983589487204,-0.36407276194103966,-0.08138060198342796,-0.955616766704386,-0.18748081168244235,-0.15197139068498372,-1.3804560435755897,-0.2834806472866212,-0.21788328532212714,-1.6474796163587344,-0.35468361028395573,-0.2943751012942056,-1.8810961893462648,-0.4067553274170255,0.12145983637208678,-0.876441422691793,-0.23955949145548894,0.1530378139425219,-1.2056841590552925,-0.3306495898316609,0.14998235433379198,-1.4256896570423496,-0.3730356417897255,0.12138489304724555,-1.6243542837201395,-0.4021559973385299,C
0.0,0.0,0.0,-0.29562982912045455,-0.07870347256447553,-0.09810037528939465,-0.5471567880762828,-0.3070066665216493,-0.15453738490459923,-0.6986343523633266,-0.5323503317338328,-0.20510342874245657,-0.8425365906488579,-0.7025798871118376,-0.2569350431371502,-0.47402213440349955,-0.8684353627418442,-0.10120255828013823,-0.6379912063107336,-1.2282331331251282,-0.1925542299512866,-0.7357485650627538,-1.4486601131404915,-0.2675687408309865,-0.8155019980548802,-1.6440564897809835,-0.32405015974365553,-0.2847424696740208,-0.9586040506715686,-0.12929922078241846,-0.40380974469314257,-1.3839558611556244,-0.20780866626217093,-0.4857230243395593,-1.6428365717301514,-0.282949213308913,-0.5633206393025376,-1.8629592646527529,-0.34012141553891073,-0.09011253896680685,-0.9538998754509922,-0.17207483993612907,-0.15752830746135582,-1.3709442832085006,-0.26186848804403423,-0.22066466889874503,-1.6321783403386727,-0.3305130186805473,-0.2946662323442866,-1.8609423082964704,-0.3814317875337729,0.10972892193981242,-0.8750445740764751,-0.22212633706980617,0.1410834596314418,-1.1979333398535061,-0.3083139407815042,0.13898958171385295,-1.413929461685275,-0.3486917175296119,0.1138016101693699,-1.6096532900130955,-0.37655167469957035,Em
0.0,0.0,0.0,-0.292366120753151,-0.08399367014859957,-0.08983040330580642,-0.5375390353365764,-0.32078110411717886,-0.14254912459655628,-0.6830479536041776,-0.5474941303356566,-0.19117702899875708,-0.8261861575878301,-0.71022068067816,-0.2416568502764477,-0.4614556000550575,-0.8721318436696712,-0.09392595134598472,-0.6279512803074503,-1.2235387262433315,-0.18468189411683975,-0.7262346576471709,-1.4397818079026496,-0.2593406731135469,-0.8047627510394268,-1.6344928231867417,-0.31612151106177033,-0.2747115934575972,-0.9615266717153444,-0.12667694118183817,-0.39616420362904753,-1.3826955443512343,-0.20646576115477158,-0.4792733050836257,-1.642935453606699,-0.28221281468866327,-0.5575607677175194,-1.8672455561115933,-0.3395647433703071,-0.08220498151143982,-0.9564654047644575,-0.17360407490364546,-0.1527230785347108,-1.3723684743048523,-0.26508842703262636,-0.21700633234599867,-1.6323685047730745,-0.33369805268576636,-0.29269598541773933,-1.863175637753751,-0.3840911466276306,0.11662194769732726,-0.8772209335519938,-0.22714662755442122,0.14629322414563825,-1.2012858955496981,-0.31443975898428383,0.13928861316393576,-1.4187025534701125,-0.3555246410829465,0.10715788983953012,-1.6179144918922592,-0.38400576657339397,D
0.0,0.0,0.0,-0.29330969324161266,-0.08052000457376397,-0.10121982696190618,-0.5422783636128453,-0.30125215374345177,-0.16139297257739543,-0.6903518465492502,-0.5236057446321329,-0.21520741766533422,-0.8251455815959559,-0.7025757544560906,-0.2696928732237644,-0.47344796233994074,-0.8662109216359482,-0.10391860979217415,-0.6406114427847853,-1.2142597962701456,-0.19918488318037103,-0.7389948477420122,-1.4284295631892439,-0.2775272960323135,-0.819648553655792,-1.6216825817071019,-0.3362462830894799,-0.2842345270052575,-0.9587547828606111,-0.1321173397090586,-0.4016525961448126,-1.3779788397588146,-0.21407935955464588,-0.4809773007237534,-1.633184151849999,-0.29055228528256327,-0.5579810101305094,-1.8533435635378774,-0.3481666714280914,-0.08974114062515517,-0.951539918040581,-0.1756961522716799,-0.15460306579459365,-1.3620765175507712,-0.2688918544746153,-0.21322309132621461,-1.6202555577606221,-0.3373096343835758,-0.28483117549450415,-1.846727976166027,-0.3869549887637645,0.11048613037611278,-0.8680309123486355,-0.22683919951823503,0.1404800480300379,-1.1907629124590495,-0.314294538594063,0.1370391163524396,-1.4042074622782303,-0.3539535733877371,0.10841926790077448,-1.5976937070099924,-0.3808889477002796,Em
0.0,0.0,0.0,-0.29497594751521233,-0.07885065829756012,-0.09713170392109073,-0.544588233156425,-0.30530955311090996,-0.153195270147379,-0.6882561471943252,-0.5345478538911688,-0.2034652903932754,-0.8275126783972554,-0.7117854371936652,-0.2549542979523906,-0.47479112513640936,-0.8662947329173714,-0.09826526315225353,-0.6410332205811388,-1.2163270460590847,-0.19115796438043128,-0.7396262032714364,-1.430644772284059,-0.26801676294036086,-0.8220442820781051,-1.6231443614823111,-0.32618809635229534,-0.286365233936026,-0.9581205314535145,-0.12750007971843172,-0.4046952959143428,-1.3725074071693475,-0.20742509468869005,-0.48415688402813756,-1.62608137035766,-0.2841166430940014,-0.5609407212998017,-1.846725941707344,-0.3427831393680313,-0.09310610362118765,-0.9524218500605424,-0.17168506041130363,-0.15985505649920503,-1.3568691274517777,-0.26356404368487296,-0.2200179062192945,-1.613523091060735,-0.3323478162058326,-0.2931693835900998,-1.840870406706606,-0.38324509477848545,0.10708730489811624,-0.8728313822308125,-0.2231148732171696,0.1363102809526015,-1.192624667604041,-0.31085053597190715,0.13328035879367156,-1.403542442020555,-0.35095735408372736,0.10491733014609388,-1.5961428121594656,-0.3788161970402598,D
0.0,0.0,0.0,-0.2925972961031923,-0.08142979382831302,-0.09290602277396795,-0.5334116668363006,-0.3087072194471212,-0.1474046384987001,-0.6715058423188052,-0.5337737713014356,-0.196827070550988,-0.8109960323407638,-0.7071972227608861,-0.24761903608059338,-0.47121488527446304,-0.869316209927092,-0.09433652788790456,-0.6367316441742163,-1.2142877693506333,-0.18479547913305255,-0.7331110375734057,-1.4269795625409902,-0.2601411635627948,-0.8130134360240915,-1.6183360016971293,-0.3172492194251034,-0.28271889754301016,-0.95920280700802,-0.12509660214490997,-0.3999451268125483,-1.371671334132251,-0.2024258438593934,-0.47780329902693347,-1.6229205472212445,-0.27682337898170073,-0.5530616704587169,-1.8388769928081719,-0.33344302533631587,-0.08926967836254981,-0.9514483572721415,-0.1705309722693608,-0.1562033724508073,-1.3546054848032023,-0.2598012870466513,-0.21709727333768022,-1.6103498349064012,-0.3271296669303043,-0.29081806675598565,-1.8365035694055225,-0.37704690368231397,0.1101473104974232,-0.8697751736112961,-0.22294782881040304,0.14025016235619261,-1.1868686629309921,-0.30868549849605453,0.13576111008780062,-1.3969842492510844,-0.3477771342414028,0.10581969026081293,-1.5888227492898213,-0.37472281018322245,C
0.0,0.0,0.0,-0.2914060176740768,-0.08378627180688952,-0.09294158980934492,-0.531431055197388,-0.31321669623691045,-0.14713074397495987,-0.6687940396058,-0.5382012508618063,-0.19640781540575158,-0.8091443478125161,-0.7090583668836213,-0.24699224285270305,-0.46726640646801854,-0.8704158921448358,-0.09059613568208678,-0.632592274857659,-1.212261437842183,-0.17977765831806064,-0.73043677375776,-1.4226254165065375,-0.25487974831316546,-0.8124776373387861,-1.6126859797331135,-0.3122113266201929,-0.280911559062435,-0.9597336588789164,-0.12111275029018051,-0.3952741285840364,-1.3713364301018787,-0.1978244294513516,-0.47400049706004005,-1.6217786465442017,-0.27263296480603216,-0.5509292780617165,-1.8368989739067916,-0.32968411056444397,-0.09009872439592194,-0.9514604041047222,-0.1665183795991349,-0.15332117911274679,-1.354511960955039,-0.2548891300678507,-0.2135592775714645,-1.6098446836420028,-0.32231178244693004,-0.2874525122466357,-1.8360346778244179,-0.37242729217494136,0.10664647041939229,-0.8692669594985676,-0.21912197085512225,0.1385462910619621,-1.1849281669727492,-0.30427717513725905,0.1336540537522062,-1.3957004297092064,-0.3440132802600161,0.10270013654742725,-1.5889921496202726,-0.3716057472185307,A
0.0,0.0,0.0,-0.28969591618939594,-0.0854021828895428,-0.09534304967760718,-0.5255336733348567,-0.3152826472081948,-0.15042093767168507,-0.661118113497291,-0.5416042985801629,-0.20009858690972104,-0.8001153124125013,-0.7236634287133289,-0.2506092973588074,-0.46859487541101497,-0.8696135436662563,-0.09056456147717544,-0.6319163570773462,-1.2114122684111246,-0.18012138018122828,-0.7284792896045548,-1.4217767013236442,-0.2551089325100301,-0.8095918976394071,-1.6100734501482288,-0.31223743212585403,-0.2844168548546336,-0.9587007106884808,-0.11963886566856038,-0.3965506372678265,-1.3647387338294852,-0.1968800863715734,-0.47400722653954536,-1.6118459834830339,-0.271776063334468,-0.5507298628032227,-1.8225532141800787,-0.328903381629606,-0.09605726590628368,-0.9486561096553516,-0.1640414424468777,-0.15509556218389745,-1.348778815208469,-0.2538005508120411,-0.21374822629574763,-1.6011403338042005,-0.32225816127602935,-0.2879764042090179,-1.8245885223293012,-0.37301972593988336,0.09742821157515039,-0.8625378930118099,-0.21566972829042017,0.13247090840524448,-1.1747047992397137,-0.3035349341266602,0.12913154495327261,-1.3835991169130495,-0.34545279461477335,0.09863837489610168,-1.5748181769619596,-0.3743573798439623,Em
0.0,0.0,0.0,-0.29644993288392096,-0.09007394088981062,-0.09274436839798174,-0.5335634546878351,-0.3090957792873725,-0.14985017685466345,-0.6692116912492849,-0.5298881402277962,-0.20259151842386483,-0.7932857591070762,-0.7283427345962524,-0.25499568469734857,-0.47247633942279893,-0.8612159056022051,-0.09020386394559676,-0.6294662223456597,-1.2063991803962673,-0.183699668820025,-0.7244239020643465,-1.4137579152093973,-0.2608379353061757,-0.806565792961168,-1.6020305805119288,-0.3184788239412431,-0.28900690087044906,-0.957327013746744,-0.12097646295890883,-0.3949167005863265,-1.3666318421194725,-0.20044913845907847,-0.4712027622025873,-1.608165600908455,-0.2740114145207337,-0.5509756161500051,-1.821170585868067,-0.32933377205268627,-0.10006214550792258,-0.9573735868876504,-0.1668373429229706,-0.16255710736748566,-1.355005154767558,-0.25656361098064917,-0.2252415822738221,-1.6047181975634899,-0.3173471647428227,-0.3033724852748166,-1.8337683727537746,-0.3620293865825261,0.0946812136269233,-0.881163082760626,-0.22010421160275873,0.12079660693124002,-1.1963775322993129,-0.3038205781308208,0.1161296313911569,-1.404082592915566,-0.33615432183311267,0.08608946004758455,-1.5970389554976019,-0.3573324048100372,G
0.0,0.0,0.0,-0.298570109399876,-0.08616959487162747,-0.09287458842832542,-0.5353257237665556,-0.3130346802603826,-0.14845347547679116,-0.6704772237948581,-0.5414148733201154,-0.19959407193005246,-0.8034178703187655,-0.726171852570435,-0.25123309685254275,-0.46929380029303136,-0.8650253397611855,-0.09016376125464957,-0.6275647395769403,-1.2136569340872496,-0.18253937118880378,-0.7232722456530589,-1.4242786268023493,-0.25902555632177116,-0.8059009287615758,-1.6135477150685291,-0.3165171122848409,-0.28406108672373825,-0.9588061842777866,-0.12122819775833378,-0.39236918415547195,-1.3714741152306993,-0.20008394717071198,-0.4688163178689488,-1.615033854140556,-0.27376482941370606,-0.5474785504849426,-1.8264007390907304,-0.3293906265506126,-0.09412946662121377,-0.9550035562069153,-0.16734240671991416,-0.15511161389318243,-1.359628955011512,-0.25643511427940247,-0.21615019998724452,-1.6136066511836356,-0.31904084538760025,-0.29324962663571286,-1.843209269173224,-0.3655220549695607,0.10151521070711499,-0.874992036176006,-0.22089677734295682,0.1297146434097342,-1.1933564391846998,-0.304580676006029,0.12417839452924923,-1.4025164662993,-0.3387674311396035,0.09191386826009407,-1.5944691456372326,-0.3618517834283776,D
0.0,0.0,0.0,-0.28528723947729845,-0.08715722598233865,-0.09656107795745292,-0.5228057767963737,-0.32049137561047925,-0.15225161709442703,-0.6536866315755213,-0.559055018291224,-0.20128414129468447,-0.7778823816598154,-0.7629427789957419,-0.2500158196708062,-0.4553647510146383,-0.8762283826906155,-0.09882021815053454,-0.606773646615705,-1.2350123592590003,-0.1877058435197696,-0.6951790000876086,-1.4529279822290575,-0.2606904703074786,-0.7679060379026077,-1.6468568754401243,-0.3162481015289955,-0.2713198624366755,-0.9624892374709151,-0.12599066456897987,-0.37247743486502183,-1.3832553243272012,-0.20109326578982548,-0.4380986982036796,-1.629093554755468,-0.27041480262296264,-0.5039966070792498,-1.83810756221678,-0.3235746532735383,-0.08073364551816857,-0.9516846923348321,-0.1679071268468548,-0.13333100216879204,-1.3676679843979374,-0.255265205917261,-0.18492812159590122,-1.6323417848566624,-0.3187674103028681,-0.248924216350331,-1.8697115880161073,-0.3668632966259949,0.11581805065284687,-0.8622429096605708,-0.21702652109222137,0.1542189796570166,-1.1867701866926204,-0.3029355576124286,0.15910985460619562,-1.3994501193534221,-0.34025131599067837,0.1390381797640758,-1.5920049568197703,-0.36575590883498016,Em
0.0,0.0,0.0,-0.2548037595732187,-0.06643439444683079,-0.11118153744001649,-0.47758500597982767,-0.30895264324516525,-0.186653383709375,-0.5733459991380356,-0.5531346094345405,-0.2663315263986436,-0.6215716405014508,-0.7944772243752034,-0.3343685655392914,-0.4351140188881628,-0.8932008347765207,-0.08512005570244265,-0.5073660702261023,-1.2699296041408603,-0.2346003069632373,-0.5450533406463264,-1.3159729393590298,-0.3411474170367081,-0.5534869758629679,-1.2654686202547496,-0.39336373271316794,-0.24584169922504176,-0.969309991139132,-0.11189831674632351,-0.27963799759991137,-1.4498474044514218,-0.2771676656505215,-0.3231553760217893,-1.3146313321977916,-0.35216344370818675,-0.33916053156092707,-1.1168730826537394,-0.36363717320330463,-0.054706444402157654,-0.9584050595014922,-0.15919283293539713,-0.044210905279241944,-1.3953490181064734,-0.3098772622247881,-0.10422476006236865,-1.208210943301894,-0.3266618572840513,-0.13054441557709587,-0.9877986451876022,-0.29728635683600807,0.1434387856576372,-0.8695414835408669,-0.21644668117176022,0.16357746087554872,-1.2130183170833704,-0.31125379475110543,0.08948638051009289,-1.1276106713656526,-0.3039098807293742,0.042054123910613736,-0.9655308300664727,-0.2727965476547702,D
0.0,0.0,0.0,-0.25398570342912175,-0.10473219264903365,-0.08409226661814292,-0.4566133680748468,-0.37216380945678734,-0.15102670682329358,-0.4813020462266749,-0.6177302203519137,-0.23369996896915732,-0.4134422851890538,-0.8153649251253771,-0.30153867608091806,-0.42761279528880725,-0.9378713766384148,-0.05193207850387466,-0.4813468431598354,-1.3407177951399123,-0.20848111468429942,-0.4945060055482366,-1.1798960458236654,-0.2997870084310849,-0.47452404245847524,-1.0068945924881196,-0.33720867701749707,-0.23493663014517735,-0.9720106891470012,-0.09391680984003109,-0.2678661723684123,-1.4277141986076558,-0.2666336080870564,-0.2838017322526931,-1.1039558797859579,-0.320183216607572,-0.2729793499991557,-0.8731846051546535,-0.3087007123149618,-0.04326801636263187,-0.9432315701265855,-0.15821430514914084,-0.05696195795876265,-1.3370879781038225,-0.30950338730659194,-0.09661635504644756,-1.0249004287184618,-0.29589786903544957,-0.10193377632160064,-0.7969857811186973,-0.2409712768184104,0.15451094972100932,-0.8615882736265126,-0.23126174719151163,0.1508712621742232,-1.2010574083966352,-0.307133863650668,0.08813252455789894,-1.0309844596577005,-0.27316798107681745,0.0590767781479668,-0.8587683446475618,-0.22403980771386658,Em
0.0,0.0,0.0,-0.22617831162653762,-0.1284126401097669,-0.132640060544469,-0.41432640819037114,-0.3587305572958896,-0.22251503672418102,-0.4337675966883564,-0.6108846262638241,-0.3130669017526083,-0.32887552190139036,-0.8349847976617478,-0.38255487119630466,-0.4328148876110948,-0.8852421925198498,-0.05810394083251953,-0.521121910099306,-1.056602400343453,-0.2370083848850454,-0.5059061904398127,-0.9311344973815855,-0.34489256161778603,-0.45864505069695405,-0.8054179642294922,-0.3953765608684813,-0.2460209420632958,-0.969264512951077,-0.07118768072098659,-0.30605256460982355,-1.0715674987801662,-0.2545946621246325,-0.2943659501529345,-0.7723222744737017,-0.30676537704770784,-0.27357135727612264,-0.6706223226295144,-0.2990902887593679,-0.04766059064907721,-0.9643222723930152,-0.11655044869797149,-0.08675426597487916,-0.9760394989754276,-0.2878697003597338,-0.10506753453081907,-0.6902153273597695,-0.2615608183840855,-0.10298491447895784,-0.6281458829938537,-0.20089852072102216,0.15105391568074827,-0.8984086419227675,-0.1776391228715628,0.11587560587309653,-0.9045223562600011,-0.26744851941651554,0.07350394432560907,-0.699399711653966,-0.2301774477349288,0.05926283510147527,-0.6462142545456072,-0.17678280776882757,D
0.0,0.0,0.0,-0.2473685514121935,-0.11781063006788355,-0.11602610863777756,-0.4514446244709319,-0.3693869271608138,-0.19815915895145622,-0.4640330845100342,-0.6342692316772865,-0.2848017829935982,-0.3495482770596943,-0.8532420883564238,-0.35697537376118693,-0.4460761963114641,-0.8834402099536892,-0.047162059993723804,-0.5463578583362086,-1.0939144364982978,-0.21537547358579381,-0.5555631680417064,-1.084569747085031,-0.3184823595700619,-0.5131735332923766,-0.9972873484486027,-0.36602877181150656,-0.24898975748676935,-0.9685061180326533,-0.06824076157383165,-0.31793543784380707,-1.138552893550169,-0.2491557114079807,-0.3120804033361634,-0.8515646413471342,-0.29277532792787936,-0.2821064303917428,-0.7243566129706484,-0.2745399010662325,-0.040016647677879186,-0.9685009558212545,-0.11983443670200754,-0.07430242561702391,-1.0598405809218427,-0.29390225226101524,-0.09657492254503304,-0.7678892700018183,-0.2615165926406113,-0.08909569331410892,-0.6663165117366876,-0.19201638210120228,0.17075943238589372,-0.9062205054661432,-0.1848720513347786,0.14171302732124555,-1.0003689169583796,-0.2833734126843031,0.09336810248499972,-0.793528887238562,-0.2414377468808183,0.07770703988223425,-0.7070430993295771,-0.18112537264056022,C
0.0,0.0,0.0,-0.23499912465208023,-0.11673782169542953,-0.12956124243789469,-0.43216526938869787,-0.36290141025745576,-0.2206217204938048,-0.45131026772845934,-0.62716783325135,-0.31424086247709765,-0.3399014548021156,-0.8475954409209906,-0.39249386856427637,-0.4412095068850756,-0.8844726897062943,-0.05599658890620238,-0.5447330547372539,-1.0983877394523098,-0.229409921596873,-0.5472042589798981,-1.0997601704597901,-0.3353628380181275,-0.49203501776672565,-1.009260357739563,-0.38397558004327537,-0.2403391791435602,-0.9706889712820476,-0.07267194062276662,-0.31202481290973244,-1.1623507564065714,-0.2565267386011233,-0.3035925084339939,-0.8642305749897281,-0.2976888129514941,-0.26904010806961115,-0.7295459396912488,-0.27570530558159845,-0.026626818403478456,-0.973837002164397,-0.12170311704883066,-0.05456918234410712,-1.0936433255409375,-0.2975609241968986,-0.08096763043708531,-0.7981368381856238,-0.26067565000391785,-0.07519651662917134,-0.6818698404072474,-0.18661111281285797,0.1881989511539395,-0.9103804315819098,-0.1857000133047482,0.16517579968157148,-1.0236579045942937,-0.28735631630406805,0.11415339879824464,-0.8243756755900057,-0.24435759720365907,0.09739344806645257,-0.7321237351549972,-0.18154010795638315,G
0.0,0.0,0.0,-0.22383100144387133,-0.10307607758179052,-0.14994098536754036,-0.4266698551895379,-0.33316633925505423,-0.2458858634867045,-0.4285060526531499,-0.6044123776320348,-0.33804727387475114,-0.25714317570124245,-0.8072233906748978,-0.4044350408617341,-0.414680565868307,-0.8713010882359657,-0.0493174876147167,-0.5025110230379853,-0.9706983262834019,-0.22827644173672712,-0.48127733146453083,-0.8652800206861153,-0.3239967414089124,-0.424692134153341,-0.8040062427953699,-0.36571829017261276,-0.2285017949077468,-0.9735434914393594,-0.05168557864420317,-0.28729723468040075,-0.9987782529036915,-0.23103706975865074,-0.2827176968534927,-0.6817775661746945,-0.25212258370265805,-0.2573707992250905,-0.6276619423158987,-0.21675622314548698,-0.03018215746624713,-0.9704856542480965,-0.09337247153305948,-0.06106007471829921,-0.9275225519207122,-0.2650373508308594,-0.08796166937085467,-0.6482522043134475,-0.22016461474161142,-0.0799917526247518,-0.6252065469991916,-0.14113526752268754,0.1710684872981878,-0.9033746090028616,-0.1539365934538749,0.13413418604921037,-0.8751173267943416,-0.24409920894040799,0.09073156151552833,-0.6849526952157318,-0.2053053001924172,0.08552715458125039,-0.6549084523420766,-0.14569798492498512,D
0.0,0.0,0.0,-0.22961365969038267,-0.10783770546390693,-0.12453322656753552,-0.4303763290567064,-0.3493846137439403,-0.2052885550132366,-0.44111263462105943,-0.6275650541233561,-0.2864685657322299,-0.2926488175127948,-0.8391272799617736,-0.3499380710222581,-0.4273756631115132,-0.8725982666741177,-0.030501681668901357,-0.5161595686431565,-1.0295645066517385,-0.18533624377503685,-0.52201965804041,-1.0307759223423667,-0.27668058826396685,-0.4811110614097863,-0.963018119412751,-0.3192443284840675,-0.23082105519619683,-0.9729962181211775,-0.04218793177865498,-0.2957207747353569,-1.0846871367231734,-0.2068194581411899,-0.2872180838536799,-0.7808809662898359,-0.233527153934728,-0.2533370382903046,-0.6667398790498483,-0.2025319310370251,-0.02345241814345619,-0.9778630538570443,-0.08680601156488087,-0.05700488060136465,-1.0020969959283483,-0.24182275504617223,-0.08179870041110275,-0.7250347029518752,-0.19713113100400464,-0.0706863735604773,-0.6540368990744709,-0.12061553134010655,0.1855808434346145,-0.9118331263604995,-0.1476645827012811,0.15170783824086725,-0.9552870360030471,-0.22907551953630043,0.10846297820864932,-0.7671118333017775,-0.18237708623804846,0.10377222656763715,-0.7068766001961778,-0.1192401926136862,Em
0.0,0.0,0.0,-0.23895687311654454,-0.09574598647642245,-0.11997568507392263,-0.4456899383658873,-0.3594046215271277,-0.21718411100108181,-0.4566783783031457,-0.657544143122718,-0.3188760491668738,-0.35634588475576173,-0.9029540878603576,-0.40871140528847305,-0.4442382950762754,-0.9158724346690337,-0.07733711385471607,-0.5787686686505136,-1.2427164880061694,-0.24371767911297415,-0.6235345466930753,-1.3607145157252556,-0.3436504513777365,-0.6104011846653614,-1.3154665968064998,-0.3886403157135087,-0.23614075486936306,-0.9717188605197119,-0.1003618478807279,-0.3212585971809688,-1.1942485709017692,-0.28333495962345456,-0.30057355198731944,-0.8741295543817006,-0.304757539706528,-0.26439375465092907,-0.689955072342704,-0.26743155144405745,-0.015125739537095128,-0.9554372688997352,-0.153115840951685,-0.07776345013719276,-1.1213717774588703,-0.3236489511878526,-0.09510994821362012,-0.8232235390300758,-0.26124819317035675,-0.08532820855293458,-0.6685256095934131,-0.17294585560834477,0.21171705991441742,-0.8740028697391324,-0.21987252764182125,0.16262211194152587,-1.0423400280904613,-0.3188842938382795,0.1101560740074499,-0.8279259799826537,-0.25646604767416764,0.09082998311034081,-0.685701838861251,-0.18112041098693035,D
0.0,0.0,0.0,-0.2323921014827714,-0.10275123633167027,-0.12303939168740179,-0.4300140674616216,-0.3503972518982018,-0.22383841064107451,-0.45134008473826176,-0.6283876319966554,-0.330089547520668,-0.3656740007658104,-0.8688738289347925,-0.42113398889011483,-0.43550499755826033,-0.9101298784706041,-0.08053127544787378,-0.5686624194220278,-1.235399678527341,-0.262627798788985,-0.6002757852953832,-1.2754162448569377,-0.3726579705635763,-0.5785289953553886,-1.18323862733901,-0.4227508377848986,-0.2334775891344956,-0.9723621832280107,-0.10444900588219501,-0.3190122338633313,-1.1505188883408983,-0.2900428364916613,-0.303418025805634,-0.840053268515296,-0.32257965355513313,-0.27310902734137976,-0.7142940381454632,-0.29779716010991575,-0.020593911828619933,-0.9639311354743929,-0.15947086214366527,-0.08138901756844102,-1.055212070016807,-0.3315391037764643,-0.10303388640003869,-0.7563156098861465,-0.2779703368966449,-0.09833883206241165,-0.6562558148458858,-0.19978027761429468,0.1986773785494081,-0.8932296321659631,-0.2301048531605187,0.14804152383837166,-0.9763908517394254,-0.3284811224333405,0.0932775857642876,-0.7444587876093088,-0.2710835088053416,0.073678936343893,-0.6362787206541487,-0.20117339087922156,C
0.0,0.0,0.0,-0.21626522904655912,-0.06650828191588684,-0.14124659430606834,-0.4083588371069459,-0.284688544359914,-0.23994352945593078,-0.41332109728707955,-0.5321525253113879,-0.33397290456163325,-0.30654155935955635,-0.7542507270730522,-0.4198472621853669,-0.43874376659037045,-0.8874595955137766,-0.15073689353022218,-0.5780465544169568,-1.2720973920169112,-0.30611851676918644,-0.6467658051563082,-1.543693998853298,-0.41242954591591,-0.6940868947141327,-1.787977875879116,-0.490118304283057,-0.2336092351457754,-0.9723305637768495,-0.16426929541241037,-0.29936005057418397,-1.0545325043215266,-0.3723242527881442,-0.277573808008205,-0.72440024414867,-0.4176984251114263,-0.25865397247453115,-0.5777618367598158,-0.405843981100984,-0.02363690733739535,-0.954491373309585,-0.1986461647630796,-0.07118715988755277,-0.9247290299976385,-0.37851185389843595,-0.09547576617750349,-0.6271194855443758,-0.3272717900502526,-0.1003058169389835,-0.5451525839661941,-0.25306437944323423,0.1820352757430579,-0.8663079581573352,-0.2501134218168029,0.13706778092700309,-0.8646629524816023,-0.36047735406270587,0.0819591559758767,-0.6237434712983513,-0.311582571788301,0.06025304033029395,-0.5363097770312749,-0.24838538461980939,G
0.0,0.0,0.0,-0.2222901435309312,-0.0938725890230479,-0.13040086621469643,-0.4165063713740155,-0.31435986680968175,-0.221739412564174,-0.41236676566795294,-0.561110376825769,-0.313237812253093,-0.32057217548852096,-0.7858530129239533,-0.3962640164746589,-0.4372608891932812,-0.9116410414679551,-0.13324134436701054,-0.5547200260129985,-1.2915637892683256,-0.26975858657017454,-0.6081674676292944,-1.533170621685649,-0.36019302058904307,-0.6435201795092879,-1.762730608865165,-0.4266489493230516,-0.23786378656339519,-0.971298522104159,-0.14965397312797632,-0.29226221527183616,-1.0561348423693857,-0.34939202896618377,-0.2911995105234141,-0.7708619156838137,-0.40709404081801226,-0.28783789346207905,-0.6511512772044115,-0.4074887092877039,-0.03673997785556762,-0.9463728755381206,-0.183799116125964,-0.08123790212207668,-0.9538685502503532,-0.36150015499513194,-0.11221773779475207,-0.6557112741813852,-0.3260870764921785,-0.12273634601892942,-0.5608170864550014,-0.2623543601990422,0.15813117268131166,-0.8636937399947738,-0.2328428677626476,0.11768837237176188,-0.8844649019795344,-0.33244111276205074,0.06339283486819902,-0.6629043277028,-0.2891137020431926,0.044494393685949526,-0.5785756544851702,-0.2322430946285751,D
0.0,0.0,0.0,-0.22329896250976852,-0.08366932341220022,-0.13202690590013383,-0.4251527383802071,-0.3051057126962571,-0.22438819018436537,-0.4269453700807084,-0.5539989654405362,-0.3168046389460217,-0.32483251715279104,-0.7801404427629316,-0.4012226977891088,-0.44113539053607576,-0.907084817842449,-0.14290178358684996,-0.5594136051839077,-1.3091877690846585,-0.28660013153730535,-0.6071048559810858,-1.5683956229182086,-0.3810952500305544,-0.6381702966840472,-1.812845181404057,-0.4498306957244725,-0.24248828154973998,-0.9701543347896014,-0.15878467087240608,-0.3015452836049307,-1.0375108110917695,-0.36607961548411644,-0.2973731195793366,-0.7324930321246718,-0.42223562806384585,-0.291225360877872,-0.6040968635743922,-0.4202228769527073,-0.04253939859599183,-0.9455663409196217,-0.19240619240171053,-0.08694035677240243,-0.9345378801328228,-0.375472464561568,-0.11860435502082395,-0.633628152126543,-0.33709227433727035,-0.1322758959088708,-0.541597015281852,-0.270194820970711,0.15184229099780264,-0.8618846003525833,-0.24112244448671488,0.10911156685277511,-0.8682236846030836,-0.3454488611612197,0.054016650836224075,-0.6421453067001714,-0.30090653114286436,0.032424739040746206,-0.55510840021362,-0.2414743536236374,C
0.0,0.0,0.0,-0.22874143593619672,-0.09444811247206601,-0.1244115793803041,-0.4288243906765392,-0.3219611660996002,-0.21330131063603094,-0.421774774024307,-0.5726477374939729,-0.30487453629293054,-0.313024458443704,-0.7878613743200708,-0.389407812772002,-0.43519819584978364,-0.9181036015832131,-0.1309590925631446,-0.5593231596994759,-1.319983059112407,-0.26554511256939367,-0.6083528172037088,-1.573398279087181,-0.35322149719006357,-0.6376219683924853,-1.8068932829254503,-0.41621130212310764,-0.2390018487703261,-0.9710191122137433,-0.14970847537276433,-0.29749362151497527,-1.0536054379451987,-0.3552003899018893,-0.28853654142521307,-0.7609051231539111,-0.4155707651360916,-0.27589758405934295,-0.6155490650774705,-0.4143273864524999,-0.04237164430298097,-0.9453641816997171,-0.18475391893873477,-0.0856909840480259,-0.9626716960707866,-0.36814311031716296,-0.11353205277394701,-0.6643878253310329,-0.33823313919090003,-0.1253908213762071,-0.5438453917034105,-0.2742425384441875,0.14686839690158138,-0.8636634280626108,-0.23329402497083063,0.10917612459955586,-0.8955223934676645,-0.3362894266542226,0.056474398768854295,-0.6753932153146829,-0.2953891562360623,0.03423650389067762,-0.5709993309315294,-0.2372650776276479,Em
0.0,0.0,0.0,-0.24715790051068062,-0.10685857808024375,-0.12051055163718877,-0.4397578540646995,-0.3642775246252527,-0.2044990979881627,-0.3984970299498501,-0.6120554726495767,-0.2952244430410611,-0.26954948648620436,-0.7779985783202275,-0.38166025484570615,-0.4421749223991997,-0.9503003530677433,-0.12458594509949332,-0.565154476074007,-1.3964293446972236,-0.26285857001826085,-0.6215494469169218,-1.6727776638597354,-0.3453646488730754,-0.6605443831132496,-1.918168156208359,-0.40022771661344614,-0.23997501243055183,-0.9707790651888598,-0.161421657395016,-0.31749627748570713,-1.368625395925607,-0.38063871552717166,-0.3449350034654585,-1.1360392613859587,-0.4477249601775492,-0.3507983099078376,-0.9190036691187286,-0.43229491415162924,-0.032653930810676614,-0.9168315546197398,-0.2134520892420593,-0.08698147050106196,-1.0561934026150115,-0.41882631713095486,-0.12101238994593366,-0.7390155910914857,-0.403854358155856,-0.13062247700699417,-0.553061081836394,-0.3286103779964579,0.16797468992042244,-0.8059500708655138,-0.27648021448109894,0.12526959928866588,-0.9513056249059503,-0.3830622129257533,0.06711085692600295,-0.7369660833903351,-0.3375674929429725,0.0407701371633319,-0.5981925921685876,-0.27059153271761005,D
0.0,0.0,0.0,-0.24422624804391185,-0.08490587918533836,-0.1318648161032443,-0.4036473499955484,-0.35469990300312715,-0.21651409729995613,-0.2986016687226894,-0.5972308560096491,-0.3061261559033115,-0.16341533319311757,-0.7761138944977428,-0.3890115665578634,-0.42239885313882386,-0.9171578972585164,-0.1431268989838437,-0.5762601952522773,-1.3290860629244128,-0.2698346922783473,-0.6637369142538094,-1.5959484760237845,-0.3468984118063628,-0.7248404976647448,-1.8238882783697037,-0.39401906163144634,-0.22145400495045459,-0.9751708176988297,-0.1743170614202094,-0.2894228389871148,-1.4266484619629796,-0.3192551619311453,-0.32798972811619154,-1.7303398027562245,-0.40428096146536824,-0.3530593926303856,-1.997982329283077,-0.44222391764239294,-0.02150790392037485,-0.9154868387547958,-0.22083410163657816,-0.05431508180849663,-1.0674905515480535,-0.41252053084729734,-0.08929041960445223,-0.7575939007437877,-0.43157694725660517,-0.10682201721970568,-0.5427233967151524,-0.3885098261297275,0.15970234672775754,-0.7779806125180646,-0.27725649955484294,0.127958041826592,-0.904869722224283,-0.4131411186527752,0.0667269641500004,-0.682823689446177,-0.3936308668389122,0.02901845225504514,-0.5089997748976597,-0.34446371314413965,Em
0.0,0.0,0.0,-0.24165006093515878,-0.09109289681422642,-0.12841809427332665,-0.3777907777202388,-0.3409269104340443,-0.2138022607489287,-0.26924636670632773,-0.5641967526869336,-0.30321037734658546,-0.14980910119919214,-0.7355926406744142,-0.38627867571591257,-0.4127717393629019,-0.9193034243105305,-0.13531005990900508,-0.5603145226043331,-1.2960599028142152,-0.2544221826333553,-0.6449822564714454,-1.548597045409762,-0.336110743887902,-0.7048547111666379,-1.766385582884318,-0.39159641689720937,-0.21961179051210936,-0.9755873417936836,-0.16727618966960167,-0.26777742128411947,-1.4247094068550257,-0.294093390554714,-0.30888672605221595,-1.7260480337060617,-0.3816394227939401,-0.33426169385480897,-1.9938294238127565,-0.43241671922142455,-0.0280424976424963,-0.9032717864539431,-0.2135763685973598,-0.019263702640967894,-1.1432462826582843,-0.3801992513354017,-0.0844825221469386,-0.8614262049644811,-0.40103559992177246,-0.12749301319588227,-0.642478049693877,-0.3727690442048064,0.14584292450575975,-0.7462812812060448,-0.27054215685907745,0.13289181457159274,-0.8968855901284758,-0.39621591590681915,0.06730690124990221,-0.7133744502946247,-0.3836529688472368,0.021676987301360105,-0.5556457440477486,-0.3460013504135506,D
0.0,0.0,0.0,-0.21777310715489812,-0.10871213339690401,-0.10769637454007006,-0.3652218769430479,-0.3215925367487862,-0.15849128137786844,-0.27623068388075306,-0.5075251368057886,-0.20068095316173612,-0.1419794021556314,-0.6702147007142059,-0.24506811007669382,-0.4015212147798705,-0.892479184817804,-0.09389389512560882,-0.5591794096957452,-1.2462489214965762,-0.16403367743354866,-0.6309878083884188,-1.4754333715542034,-0.2183490470448679,-0.6882100043348548,-1.6892615113667344,-0.26555322739482434,-0.22899513196415783,-0.9734275676888948,-0.12772412593142313,-0.30273040379460053,-1.4106311175118595,-0.19530130247983812,-0.33496329899905747,-1.6874012204398041,-0.2601218780900956,-0.36826242637157697,-1.9249328565096129,-0.30942735175836616,-0.06688658665979015,-0.9185649719510149,-0.17850780203486316,-0.048881885894065766,-1.2584129527999752,-0.28945180036191337,-0.06386987389194004,-1.4867699956936504,-0.38354899523053526,-0.0919370834440892,-1.700510352419258,-0.44771539488933493,0.08912366988799135,-0.7562001825443485,-0.23506228498396295,0.0373511304892815,-0.92936802160911,-0.3414153195443803,-0.0257053173569892,-0.7847030987498698,-0.363488382481251,-0.07885373631392759,-0.6283164980017532,-0.3784343125249465,A
0.0,0.0,0.0,-0.2224881533874294,-0.09500269728056011,-0.10299130348139181,-0.37479334053576274,-0.30535399648433964,-0.15451494167026955,-0.2930745329520259,-0.5139088742448699,-0.19817516454802708,-0.15373128063497227,-0.6955867955438502,-0.2441747226593974,-0.4119835769177275,-0.8821054485738776,-0.09013062841813091,-0.5647047270142437,-1.235362495711814,-0.15786273891295904,-0.6394165098169893,-1.460774026659374,-0.20815476711443823,-0.704186025180804,-1.6667780224784834,-0.2520556860508707,-0.24072435236969453,-0.9705935226325132,-0.12497796433276637,-0.3142427801428207,-1.41515911448322,-0.19305862633666393,-0.3444458429651283,-1.6981026793061629,-0.25350128849640685,-0.3771236913804097,-1.9354749133699034,-0.29761925886150575,-0.07935651224498916,-0.9190177678571663,-0.17620215854178709,-0.07822407992911891,-1.2717417982935362,-0.2852423075784454,-0.10037553301334204,-1.51127188293378,-0.36950769030127334,-0.1290680776146017,-1.7338150264860541,-0.4252370279220654,0.07452080036301492,-0.7559021075552362,-0.23291153612846718,0.014742384027478664,-0.9459159445897973,-0.3332721379430041,-0.03876920709037145,-0.8083451553454175,-0.34603981031953385,-0.07610387822066307,-0.6546611069267227,-0.3528835759181746,Em
0.0,0.0,0.0,-0.2307243484998141,-0.10001313724286019,-0.10458737303609802,-0.381456444736373,-0.3128617451054529,-0.15631320453334333,-0.28944495935370984,-0.5237168154656322,-0.19754487730028086,-0.1409767969652429,-0.7072357397096551,-0.24110278196226084,-0.4141272565339818,-0.879180313710707,-0.09673953076387959,-0.5678665299072673,-1.2353946818080126,-0.1651627916006299,-0.6434261309652953,-1.4603184509230511,-0.21396726646797823,-0.7069265172220329,-1.6691899214242907,-0.25710481458872214,-0.23991620649697248,-0.9707936000304607,-0.131499486549588,-0.3121060219854793,-1.4267138473009,-0.20605576116725668,-0.3420222576769827,-1.7122878634136323,-0.2689536633441545,-0.3759639322992809,-1.9589501120733044,-0.31318001897223036,-0.0785353475084193,-0.9231074711601298,-0.18213368668877594,-0.08109925952462314,-1.2930639824255903,-0.2990484010677036,-0.1024448554900656,-1.5518235787045331,-0.387512898831231,-0.1307003491815292,-1.7970883173622236,-0.4445870963803281,0.07671259880896017,-0.75803142655529,-0.23719263702885948,0.0073362919634374045,-0.9545097312129267,-0.3398800114635802,-0.043434204111531705,-0.8126477906545649,-0.35071481614572086,-0.07548749536584709,-0.654304152841147,-0.3560141511935445,Em
0.0,0.0,0.0,-0.23649188765444407,-0.10490898947573672,-0.10382478386168305,-0.39018100257818716,-0.32201662909346823,-0.1516034405978745,-0.2952328723951469,-0.5381933300279123,-0.18885259870094112,-0.14017481144531024,-0.7121403999429853,-0.22859515918061835,-0.41849616956463337,-0.8793717418901978,-0.09111263325371118,-0.5718610482836122,-1.2381062172951445,-0.15872616577329884,-0.6477957828007984,-1.465287795024316,-0.2084181767005672,-0.7117245468177289,-1.6752423916506793,-0.2521874537230506,-0.24293622645732033,-0.970042261901345,-0.12613848004646674,-0.31177745744280333,-1.4280677864483768,-0.19819179853360452,-0.3409337923768407,-1.7135417260128691,-0.26113123827308005,-0.37387965237737875,-1.9616038845557575,-0.30581600660450475,-0.08220945509194733,-0.923710408265683,-0.17764526178137946,-0.0819622971024082,-1.29978102044949,-0.2921246136188613,-0.10384951017604094,-1.560412697401555,-0.38276348886874273,-0.13280761101762817,-1.8084851253473702,-0.441887470414664,0.07303645516086303,-0.7596293498994215,-0.23390912807230346,0.004921697892531505,-0.9574028192430268,-0.33425743532300195,-0.04559707208692947,-0.817375010262083,-0.3457416278453416,-0.07705513791514369,-0.6598820623396717,-0.35221550560495085,C
0.0,0.0,0.0,-0.23410724825696394,-0.10073023815071194,-0.10401989300162746,-0.3888637187484984,-0.31975198789178555,-0.15271600383115594,-0.29679857809487403,-0.5350546826519186,-0.19165791370080817,-0.14404241625200118,-0.7117769148476905,-0.23344662626137644,-0.4194094437857012,-0.8775969256487264,-0.08852584802361013,-0.5699337595901568,-1.2295918145287874,-0.15364750295945356,-0.6453708899995091,-1.4530021042206847,-0.2027255701668296,-0.7082379954970355,-1.6598743367473823,-0.24678056392889758,-0.24632227976745008,-0.969187976860096,-0.12221888386171095,-0.3183138859873273,-1.417826664013002,-0.18815470595201708,-0.3503638009054498,-1.6989868304694722,-0.24953090226875466,-0.3839656359097141,-1.9415354408865448,-0.29496839396723806,-0.0857280380218199,-0.9230326389381209,-0.17235120345053861,-0.08588224330022998,-1.294413334246877,-0.28130364352518133,-0.10838038037040698,-1.5493107584323422,-0.3712397703433461,-0.13537594192207067,-1.7893247343216194,-0.43223105582842725,0.06887285035846157,-0.7642388356067846,-0.22767195984591582,0.003091448676697211,-0.9469968735138962,-0.3298569653152892,-0.04514841416949967,-0.8058162043259605,-0.34640420136610833,-0.07474412454506896,-0.6536543753269598,-0.35679728144912964,A
0.0,0.0,0.0,-0.23516152791255113,-0.09944056997947198,-0.10130286137742622,-0.39161493310304396,-0.31752760675026026,-0.15485626670779212,-0.3118605177731727,-0.5158234179408254,-0.19930388551144398,-0.1630094128372708,-0.6883396578791238,-0.24828127892270715,-0.43158675109710193,-0.8799007013661662,-0.09795392886442182,-0.5780546985534886,-1.2378562083358853,-0.16439765737960932,-0.6513391156266931,-1.4640341716802208,-0.21411760821124182,-0.7131515072637333,-1.6753435522813362,-0.2605363094383742,-0.25631332906120996,-0.966593749899905,-0.13593287877951424,-0.32800843207984504,-1.4118813319261083,-0.20227139834225397,-0.35761797822798513,-1.6896061175109887,-0.2674335651518639,-0.3910444816345763,-1.9329928163830041,-0.31878058990375824,-0.09219346526025944,-0.9204680762722919,-0.1887823219504619,-0.09626124449689981,-1.2986787946132126,-0.3019881572585528,-0.12062421784825306,-1.5557726007752295,-0.3960519780670155,-0.15173706866085132,-1.796049479050195,-0.46293340284760615,0.06478297000523427,-0.771858727459946,-0.24541463825330637,-0.01972567247748967,-0.9396060954032917,-0.35820000096693616,-0.0774735392872451,-0.7949801436421526,-0.38105170797380067,-0.11688792345025771,-0.6436568498850799,-0.3969302327346212,Em
0.0,0.0,0.0,-0.24865356782767323,-0.12379723793383196,-0.09650282634081311,-0.414371797430991,-0.3948959447890172,-0.1535367734077576,-0.30624349533487727,-0.6769124456430216,-0.20590117167364494,-0.13983795499295043,-0.8438606494842078,-0.2609511899711866,-0.48356304804845074,-0.8432338447803595,-0.09873240577062901,-0.6505814483440272,-1.171047977859099,-0.17924988827951382,-0.7428678051592791,-1.3771882566613873,-0.24533903762898104,-0.8170021151946442,-1.5596730393892528,-0.3008911112496207,-0.30852547098180644,-0.9512160815269338,-0.12642779494990009,-0.42551247108129175,-1.3661849033477895,-0.19566319901899543,-0.5014893789564766,-1.6249708684808852,-0.2667668894031177,-0.5751762752269907,-1.8379166580835546,-0.32121263026805363,-0.12521771164051704,-0.931985089244382,-0.16774462736262938,-0.17638690891214595,-1.3289787735315162,-0.2517145656022594,-0.2208779889487688,-1.5835696141959252,-0.33282337790227834,-0.28374305000996686,-1.8056636326323636,-0.3922250298087138,0.06457931992884976,-0.8253850372293706,-0.21648798466298005,0.10191816122370942,-1.1045386099620644,-0.3033408966023313,0.09000272670643474,-1.2729625938073341,-0.3494130217806607,0.046487779183723585,-1.4130415093566848,-0.3822265848282937,G
0.0,0.0,0.0,-0.2534356531915915,-0.13518550920463565,-0.08715523170546406,-0.421973417737808,-0.4038965615909614,-0.14087968787588176,-0.32322070936851,-0.6792777831379854,-0.19256134160527533,-0.1675278305053669,-0.8555980773202254,-0.24986737532937586,-0.46957304916112985,-0.8489450575396112,-0.09326949225823576,-0.6360336244100232,-1.1764803629988967,-0.17619399087213125,-0.729807139479529,-1.3792939827195854,-0.24330685648585976,-0.8042377982751496,-1.5582326113638605,-0.29793896708953577,-0.2992482252409327,-0.9541752981974289,-0.12601164518890123,-0.41576957076159127,-1.378458596478771,-0.19722716228594317,-0.49637682546370576,-1.6403452527451479,-0.2709879821527781,-0.5713029368976497,-1.8555840681828766,-0.3256525708632574,-0.11744717712219103,-0.9293615547536658,-0.1715537180693286,-0.17094643021749603,-1.330117665482083,-0.2579343086402548,-0.2173239921175568,-1.5850523624314463,-0.340733248244056,-0.27713515677591055,-1.8099487455482415,-0.3995925342116055,0.07196232267856864,-0.8159637456384821,-0.22331829962296498,0.11024420256380792,-1.1021558894059893,-0.31001113224600657,0.10477965831533104,-1.276931329842561,-0.3552253553765193,0.07239411117986697,-1.4266018397584608,-0.386391740161031,C
0.0,0.0,0.0,-0.24997903579825845,-0.1207821318104007,-0.08434954149169385,-0.4156498217180636,-0.40451624934890723,-0.1326116711516175,-0.30161403382387036,-0.6875798035255168,-0.1804614789409681,-0.12504977376521206,-0.8470704887543382,-0.2343699359983269,-0.47349267745550355,-0.8230562708623838,-0.0821914475778311,-0.6536100674907395,-1.1338363668945635,-0.16018831473077616,-0.7562238413075026,-1.3273728886569771,-0.22460231264712563,-0.8352547875979331,-1.5035529452854488,-0.2788614044875874,-0.3125368841431171,-0.9499056248123346,-0.11546381737745873,-0.450743023171514,-1.3647944415422504,-0.1835320270879605,-0.5471690631165612,-1.6308742842440065,-0.25707277922320504,-0.6311747614678117,-1.8575419330489389,-0.3133266322579989,-0.1349053666329954,-0.9480512245114283,-0.1618997230039893,-0.1937409984826332,-1.3704605747306005,-0.24659785782783322,-0.23679607005676448,-1.6360904067319182,-0.3339512263742867,-0.29048786332693916,-1.8715939248513664,-0.39730963346199644,0.052306255313029945,-0.8532801969342225,-0.21498171476570904,0.1029665192899928,-1.1453978600017363,-0.3012131503123485,0.11026615315503004,-1.3446149717341895,-0.3530702334182782,0.09365427010523668,-1.5244824329275732,-0.3909338457740604,D
0.0,0.0,0.0,-0.25079350882544565,-0.12159358327802199,-0.08482510393778463,-0.419403519989156,-0.40181672267682655,-0.1343862082177463,-0.3076433496299849,-0.6845670757612309,-0.18353358175101114,-0.12933135464089332,-0.8434021646132904,-0.23877858652049652,-0.473744323472086,-0.8224480793565704,-0.08524013819776441,-0.6552600191296539,-1.1371343039722521,-0.1644990253953244,-0.7593220332782407,-1.3326490623267973,-0.22935380681036435,-0.8398405293923862,-1.5112009620175326,-0.2840041910569015,-0.31164657728373485,-0.9501980903302918,-0.11907715108236838,-0.45098099090739024,-1.3690449009146624,-0.18833809868173573,-0.5492319282760967,-1.6384223437385306,-0.26204711422761046,-0.6355703563218102,-1.8696402580916882,-0.3185942195338275,-0.13267976713037075,-0.9489597672758633,-0.16607237321006785,-0.1917827779788071,-1.3758976231693818,-0.2514512261423896,-0.2364728643040213,-1.6458655647926332,-0.33877953780587317,-0.2927273126727185,-1.8866844443328403,-0.40232037783167807,0.05655995110192184,-0.8549728184750779,-0.21972183402801373,0.10709094208638527,-1.1510166184851367,-0.30595972406040484,0.11308285038494001,-1.3547856598792827,-0.3577313975311609,0.09368843697678786,-1.5386750022497615,-0.39589972289598246,Em
0.0,0.0,0.0,-0.30550916859507776,-0.10068611222875218,-0.08690506644530835,-0.5396635705102497,-0.35923000522079407,-0.1344450775464067,-0.6843863713575924,-0.6013576527113597,-0.1795962232876606,-0.8234544618774071,-0.7272566565369332,-0.22930579437363247,-0.4465283603469513,-0.8625947717284131,-0.09555487651043107,-0.6217060952904889,-1.2105359171179457,-0.18932614936423436,-0.7205446360822878,-1.433367352423562,-0.2624736838147299,-0.8001162336265387,-1.6355484638783395,-0.317775617553724,-0.26234595214967904,-0.9649738863775943,-0.1317792155589449,-0.39075942377927586,-1.408591801643448,-0.2177569005943839,-0.48182427993250837,-1.6888251867100983,-0.2953319363204366,-0.5667603173507203,-1.933785873827477,-0.35136078589007674,-0.06903332872750444,-0.9591510610790421,-0.18172115419029822,-0.13054115405424224,-1.4044148098166203,-0.28533166564747303,-0.18454403680400772,-1.694905627036191,-0.3645138774728661,-0.25026175127564415,-1.9538313466206958,-0.41920007501223144,0.13415211849661451,-0.8684071956690458,-0.23718828507752804,0.19615848332735347,-1.189599918762388,-0.3373739226659219,0.2073851769031428,-1.4182053171735394,-0.38704255352333866,0.190341947221962,-1.6297457156194923,-0.4200422826386536,D
0.0,0.0,0.0,-0.2958661272043964,-0.11232915002295149,-0.0808628143591537,-0.5357108464351011,-0.3764397082326164,-0.12786819138816494,-0.6865979475983781,-0.6211360369784298,-0.1735295589365678,-0.8378994540308871,-0.7399150081423643,-0.22359192809661188,-0.4492238336948745,-0.8655146225536511,-0.09094626757193802,-0.6270168421886285,-1.215700710010592,-0.18220419097508705,-0.7285181327944166,-1.4405220208248564,-0.25361348373872744,-0.8069512692152231,-1.6428366454628631,-0.30731564048362375,-0.2630553100093999,-0.96478075430424,-0.12882804054932837,-0.3923526757860362,-1.4106511192722455,-0.2099688113981569,-0.4771348320661208,-1.6924725113737606,-0.2823966323299436,-0.5526702968599421,-1.93386784162509,-0.33506070631022755,-0.06910901786308862,-0.9590569945691615,-0.17980780180894815,-0.1290643541182022,-1.4068002181334842,-0.2765036226167365,-0.1810188929896727,-1.692755193228977,-0.3498678728466818,-0.2412001799438739,-1.9408060863677647,-0.4012971006909092,0.13111495410496546,-0.8722198556378917,-0.2358790169376853,0.19481941629170824,-1.1959090844437386,-0.3263677218644413,0.21512089181964972,-1.4185087496181046,-0.3686730945668986,0.2094587328678354,-1.6200309641804858,-0.39695750203392977,G
0.0,0.0,0.0,-0.2959956701124918,-0.11264592604678138,-0.07847926608421836,-0.5380688034258588,-0.3775104284659218,-0.1223311123352091,-0.6883024682312203,-0.6248272397076323,-0.1652098962299815,-0.8391591611758543,-0.7516245610712611,-0.21209043192684535,-0.45039447920236014,-0.8638669209456369,-0.08533200410067804,-0.6276390351964589,-1.2146268864235037,-0.1738333494097351,-0.7294586585710587,-1.4399857963402758,-0.24334384298382453,-0.8085629929883988,-1.641632938046897,-0.2956703426289087,-0.265667489371244,-0.9640647203850891,-0.12318049110864207,-0.3934575103650014,-1.4124143017495079,-0.20144387470169356,-0.47903475357177044,-1.6946265411095995,-0.27232202782055265,-0.5552541385113283,-1.9335794129473767,-0.3239204928713841,-0.07142706712307093,-0.9604862710920068,-0.17403962841817575,-0.1323640960765265,-1.4097279653517403,-0.2675484252329069,-0.18584405124246944,-1.692081757680461,-0.3392631094558886,-0.24608172806150866,-1.9333670225327753,-0.38972692565718864,0.1297307963207517,-0.8752016438410606,-0.2301072840201111,0.1930282606511774,-1.1989943666769334,-0.3175916364785405,0.2137752196122693,-1.421070857109264,-0.35865278759439395,0.2104484200411946,-1.619618342380518,-0.3861116860038274,C
0.0,0.0,0.0,-0.2969382775793892,-0.10248547796787788,-0.10092085254185137,-0.5678463846846028,-0.3359247025978431,-0.1663489313587258,-0.7871855317920616,-0.5194583809582985,-0.22793154133734272,-0.9801675640833389,-0.6227187845273621,-0.29390415065746156,-0.45441598676021583,-0.8664704991661357,-0.11880090002805171,-0.6260434419992813,-1.2308224818607392,-0.22144975221624022,-0.7246762329163362,-1.4638380772805974,-0.3003674195630255,-0.7997820511163747,-1.669599872037725,-0.36058286391532846,-0.2678838719416569,-0.9634512084965933,-0.15296939419909847,-0.39477661303412087,-1.416088290127516,-0.24808010425629978,-0.4800492911673249,-1.6989920719403175,-0.32779792327490664,-0.5599895938817917,-1.9377505315268966,-0.3852268361901834,-0.06637355917759293,-0.9564653048348781,-0.20200198882830248,-0.1247066021920439,-1.4104691150813333,-0.31324073247481854,-0.17734440014563438,-1.704607027572057,-0.392092305708217,-0.24093386911884324,-1.9618343463957295,-0.44576714531594547,0.1443321837600919,-0.866235417504295,-0.25688532900993966,0.21041110725484452,-1.199439200559705,-0.3582974482207926,0.22895844760058323,-1.4334317712552338,-0.4069923540704974,0.2205475874040184,-1.6492275746679124,-0.4395335632494698,Em
0.0,0.0,0.0,-0.2908321986484138,-0.10645179299128978,-0.095116571947049,-0.5608881281370571,-0.34215645300103276,-0.15781377117294912,-0.7774694159814322,-0.516818859962622,-0.21705600947342885,-0.9684795573653368,-0.6112082070356033,-0.2815872126688859,-0.45252259450329474,-0.8705939859222598,-0.11669586388446722,-0.6248855606600519,-1.2364995513670962,-0.21525711383695367,-0.7238019242559842,-1.4725151428126182,-0.291350399259854,-0.7991305693907313,-1.6774500521346556,-0.34982525998668074,-0.2668261140763631,-0.963744688621892,-0.15277095024921405,-0.3954665550528264,-1.418885398405444,-0.24431221981370588,-0.4771897410851109,-1.7023675166700232,-0.3226233265395463,-0.552265285611434,-1.9397612481875142,-0.37929048997155035,-0.06464663800330252,-0.9538149661860407,-0.2027250646626231,-0.12553088464868287,-1.4139133990728447,-0.3119344535096657,-0.17608010912674882,-1.7114213077459364,-0.39261623095583037,-0.23645839652526987,-1.9726880403415648,-0.44828182011114276,0.14759516005954473,-0.8625712289691909,-0.2574625023097607,0.21390993916655268,-1.1972883146604727,-0.3583995875295228,0.2355473795169364,-1.4312359095955773,-0.40783880492960634,0.23038422389308,-1.6489567551028332,-0.44142904854706316,D
0.0,0.0,0.0,-0.28750944946039353,-0.11115412133978517,-0.09895880024063518,-0.5574681453999039,-0.34598689926972687,-0.166825768618181,-0.782492352357168,-0.5161384240330362,-0.23117858746988706,-0.9799150780202716,-0.6027124095635625,-0.30143034720475004,-0.4488168805888976,-0.8714610538291085,-0.12869537920520413,-0.6175513486712784,-1.2435049524601387,-0.2330878608028411,-0.7182558670238951,-1.4825806007038136,-0.31252763419513524,-0.7971740848322364,-1.6933873717936105,-0.37325391389955387,-0.2631197191999933,-0.9647631903053291,-0.16561487781719839,-0.38721482690085857,-1.422637638442464,-0.2633222633136026,-0.4724669585248855,-1.7115420526579248,-0.34375594451682584,-0.5527724516334365,-1.95577256497243,-0.4014349420830528,-0.06093050796379536,-0.9526411919140191,-0.21612011747735338,-0.11727858905172638,-1.417060586683491,-0.3296055167559764,-0.16878133714056132,-1.7195305418712565,-0.4096981767390003,-0.23060333364849991,-1.9854458051039792,-0.46410744722293634,0.15033103945616016,-0.8590341624499467,-0.2717295226795841,0.21765429166804498,-1.19895493622078,-0.3748715066809791,0.23924750145700363,-1.4370492635587988,-0.4232950858049306,0.2357577094999742,-1.6561862774111609,-0.45555314228965516,C
0.0,0.0,0.0,-0.2645621109459674,-0.10056863673432022,-0.10833597244618307,-0.48845386168854715,-0.2914985578795301,-0.18579724933720684,-0.6545974169516441,-0.42964631171747797,-0.257153003433614,-0.7926058204398034,-0.5296050170778546,-0.33160491011527227,-0.4534231779451889,-0.8862322318947791,-0.1338918735796344,-0.5937025300656792,-1.2489142558891662,-0.24054831792176065,-0.6862503746771779,-1.460836468209593,-0.3239839598665278,-0.7774650279840677,-1.643244495319696,-0.3846895807669378,-0.2699140885162937,-0.9628844088572721,-0.1646371844751481,-0.3570036796362487,-1.38809838235473,-0.2607151011511478,-0.4287190117458483,-1.6384179390944278,-0.34219134159705,-0.5136259337744379,-1.849521072919064,-0.39978541267133466,-0.08178941394143485,-0.9367570694520629,-0.20985520260883572,-0.12004315211018204,-1.3353657050931609,-0.3141916186633663,-0.17581806881447384,-1.5882522995591992,-0.38444468407891497,-0.24465860077599208,-1.8205058008720763,-0.43190460432241545,0.10386513584668325,-0.8328167865581115,-0.26264800966793583,0.1579496087789326,-1.158134677234583,-0.3549908718604502,0.1803037881894304,-1.376833499497171,-0.3915817384140612,0.18477515909905098,-1.5829562566842506,-0.4140214310300466,Em
0.0,0.0,0.0,-0.22923166273495724,-0.07587547251878543,-0.1165807158173501,-0.43765566624614216,-0.29658617969989765,-0.20868892693895724,-0.53840643624666,-0.49207968068018315,-0.3090074337765088,-0.5239642319614034,-0.725312951020693,-0.3954317094560502,-0.41542759764728804,-0.9090837601536977,-0.08148937120764349,-0.4945590816548593,-1.2984555122913637,-0.25576349840265583,-0.526359343807817,-1.2023999218627839,-0.37975749575376444,-0.49362639868960484,-1.0368473198915296,-0.4389660124746713,-0.24066972245178497,-0.970607070185964,-0.11304629383628786,-0.274203789462652,-1.483244794214531,-0.2823626898915336,-0.32276858395996727,-1.291340209262252,-0.3633269934711118,-0.32242392396368924,-1.0801756835600524,-0.3793631564456137,-0.05918322372952543,-0.944905889316924,-0.16912271596746986,-0.06716567930369956,-1.3920349532546663,-0.3060014758662999,-0.1324102167848946,-1.187514761950961,-0.32162235230863917,-0.14955842723831625,-0.9797898329605286,-0.29841701754835026,0.1273413637481967,-0.8392603470906006,-0.23788440178604578,0.11683923850602228,-1.1727936782057262,-0.3093766989448723,0.04291842336816027,-1.0683642004945724,-0.2942032802190362,0.010288275970173226,-0.9224222020560989,-0.26497186681373636,D
0.0,0.0,0.0,-0.2277573723042919,-0.0727340719509706,-0.11610043884724928,-0.43731586264096656,-0.2936532341804205,-0.20406285553801165,-0.5311964704403388,-0.4952209681455294,-0.30017170505569235,-0.5133187452133265,-0.7271734503739743,-0.38359195159748277,-0.42048536610669873,-0.9045865299149066,-0.07753410800666694,-0.5001703999203009,-1.2824026546240008,-0.24428923962343424,-0.5281293740063356,-1.2016535413010174,-0.3649052632688462,-0.4953694040156084,-1.0701366345436145,-0.4255581979885258,-0.24552284135576863,-0.969390805801556,-0.10971665874569485,-0.28542086683502,-1.4744154799438565,-0.2782361544988907,-0.3297335584669552,-1.2701597929190698,-0.36175118688426244,-0.323657847844923,-1.058971233878923,-0.38047495320465285,-0.06455646975963931,-0.9474245272850051,-0.16550460937232303,-0.06789937441300474,-1.40386866877294,-0.30394461529095196,-0.13467470023389194,-1.1960345373710648,-0.32416547135190765,-0.1515255168705746,-0.9780764105532579,-0.3046077754625967,0.12391495819911605,-0.8445210505950703,-0.2334856513920605,0.10850414296648872,-1.1806257045874535,-0.30623676001426303,0.03324071387712665,-1.063510298707366,-0.2930496640381262,0.0012890874727062235,-0.898448867761122,-0.26649915802648483,C
0.0,0.0,0.0,-0.2514157581095769,-0.1540250426412376,-0.11319445719134406,-0.4543238194906406,-0.41850088398635515,-0.1899270324667102,-0.44933904061246793,-0.7121978428931748,-0.27313029521787774,-0.3062387021281609,-0.9454441661986737,-0.3339834028602651,-0.462405004962146,-0.8944225604997987,-0.023443739211014992,-0.5667284847049815,-1.152044765287905,-0.19775070199446698,-0.530415545463704,-0.9613632728750926,-0.2993970718496283,-0.4635814951129927,-0.8007340063809427,-0.3404300730020538,-0.2710503923039731,-0.962565158746078,-0.04113716716267081,-0.3464438696349071,-1.2360425799252015,-0.21204735630823515,-0.33022990528150925,-0.930522710338651,-0.2544778739152671,-0.29190642697535607,-0.78558746424348,-0.2373536901951348,-0.06988661591138348,-0.9613322633641864,-0.09173208299393895,-0.10838331976121963,-1.1631004578960773,-0.2577560102769871,-0.1398320429641408,-0.8458092710401826,-0.2274677211150091,-0.1358553405137897,-0.7072435388791685,-0.15809640441449263,0.13548295905954535,-0.8996976525576623,-0.15486606881284953,0.09459798822319154,-1.0764363599675866,-0.23800059604253643,0.042987469140468595,-0.8627543648102052,-0.19359315528439133,0.028873864504226514,-0.7434519546828225,-0.1331666038479258,D
0.0,0.0,0.0,-0.25109376676818246,-0.15161342755996474,-0.11196412319543358,-0.4582413243892068,-0.4220430659750004,-0.1820209606447975,-0.44311032472183365,-0.7184788239670131,-0.2594912309888234,-0.2784566932476518,-0.9335542982259275,-0.30926795616737285,-0.4708418150967361,-0.8765969203614246,0.0016857909679077496,-0.5847495082102865,-1.103291181779564,-0.17785916734986618,-0.5237536221970313,-0.8447625735636204,-0.27481880678637255,-0.4487428913367104,-0.7053083540343961,-0.3115871752148419,-0.28548190299899834,-0.958384099962051,-0.017732872653536336,-0.36962904247513756,-1.1754980543040812,-0.19777312715066347,-0.33152858629827,-0.82336049452853,-0.23048846983194438,-0.2863095368990341,-0.7077460026799186,-0.19971317203086938,-0.09096308654732503,-0.9625949882435857,-0.07413897005782903,-0.14424633490490557,-1.105281531446243,-0.2399328542578305,-0.14706745741182267,-0.7700819545812531,-0.1970883313784843,-0.12688825716392163,-0.682097199129316,-0.11580889170424483,0.11111926790040838,-0.9065826929583587,-0.14487366327876836,0.05525816490159761,-1.0086026963686774,-0.2164838755864771,0.016166849934168875,-0.7814666291170485,-0.1648915187305361,0.010756624916962906,-0.6969598194093829,-0.09849523323685438,D
0.0,0.0,0.0,-0.24962236880729305,-0.15384381181584447,-0.11048146954456824,-0.46294219700304273,-0.4406867729959908,-0.17649365946296977,-0.4512312909669724,-0.7527839511450966,-0.2517117372558236,-0.2706242228553766,-0.9619037255562981,-0.29771377542488536,-0.4677490896065056,-0.8783636571526712,0.006998301685965463,-0.5947945081814895,-1.1248696695350977,-0.1712922357662563,-0.537624320800926,-0.8510191882310546,-0.25971703303238947,-0.4567189949053692,-0.7237270184776351,-0.2898550211839602,-0.2852596851497779,-0.9584502658084297,-0.013374222513430366,-0.3757077297993705,-1.2029743431366557,-0.19198941551398566,-0.3448852316870648,-0.8383680386788687,-0.21388032673897509,-0.29275864896122566,-0.7373699281195929,-0.17413192177183315,-0.09177690806236634,-0.9615058590951376,-0.07198040136121678,-0.15678950307875245,-1.1437199801172508,-0.24130623147510216,-0.1653198551135538,-0.7965165026156554,-0.1925373735310869,-0.13620057418259046,-0.7140318635030883,-0.10449783602611853,0.11205145376544665,-0.9081748452959714,-0.14461878672823447,0.04337695501855227,-1.0533688923011548,-0.2174546192708231,-0.00126175977324201,-0.8251192968722703,-0.16258502667362418,0.0009732669607670782,-0.7331365867028362,-0.09257074200963761,G
0.0,0.0,0.0,-0.25006697959428176,-0.152966739928168,-0.11158658953765425,-0.45686939864953163,-0.4401298758532111,-0.18004700877150556,-0.4402505344118492,-0.7520735278606564,-0.2576389953936027,-0.27674125292267715,-0.9728556697854824,-0.30685845931963085,-0.46692639535285824,-0.8823405826387248,0.0024265299378520974,-0.5860441759494026,-1.1366631578439201,-0.18001031176744609,-0.5337553607122294,-0.8687540584931316,-0.2737423485855249,-0.45773649973869185,-0.7258866516046544,-0.3061518394055014,-0.28206478261837875,-0.9593953608426751,-0.017541088118146527,-0.368562680648374,-1.2130609290279177,-0.19997310161027965,-0.34076040855797374,-0.8527736791282424,-0.22795937138755043,-0.2933945154336555,-0.7380260668528973,-0.19198989080828263,-0.08746475411171369,-0.9628703802518728,-0.0752166336765909,-0.14638132280670957,-1.1472340118298678,-0.24677263047230635,-0.15772719635022517,-0.8007595208732322,-0.20087842116558743,-0.13400852850425873,-0.7047301259150316,-0.11452255658280483,0.11560280626990285,-0.9110118080330013,-0.14682052588548747,0.05533861906801256,-1.0634398180809344,-0.2222854092826463,0.008368041484495466,-0.8355636937940742,-0.1687859402017696,0.004894080483706819,-0.7362646106580424,-0.09932468005368868,C
0.0,0.0,0.0,-0.23782252052071381,-0.10015955989646234,-0.10817111789067402,-0.43507398261878777,-0.34424057503492217,-0.19885083498541906,-0.4583369847329972,-0.6335038959923058,-0.3001257614829182,-0.37331142276070567,-0.8891076680256124,-0.38190013420964536,-0.47932612029379484,-0.8985745965988313,-0.07073474570348029,-0.6406386678416992,-1.276830510560263,-0.2603021129605772,-0.6137270310039378,-1.173947259965119,-0.3796490200694494,-0.5577198006133304,-0.9916304544065455,-0.4298683046177455,-0.2800422009329857,-0.9599876903880639,-0.09599465873092575,-0.3617438484235124,-1.1337097203005553,-0.2845074327324071,-0.3435174469774284,-0.8599353624088725,-0.3449156740968799,-0.338059067434704,-0.7026775561019795,-0.34394584389125454,-0.07295757202116734,-0.9484514607651499,-0.15055803025854242,-0.13483066324012874,-1.061144507115146,-0.32207190753615467,-0.1577758189534018,-0.7579575341305828,-0.3035868090896545,-0.17266923244779803,-0.5894950922834136,-0.2483204756351399,0.14149746400440635,-0.881796925850441,-0.21739393146409697,0.07438870568628324,-0.967296782841431,-0.31946816536031775,0.02104742573121159,-0.7359584938720002,-0.2857262162690427,-0.006878240108845173,-0.584869272344526,-0.23031750838590792,D
0.0,0.0,0.0,-0.2456473097969637,-0.11600252301338575,-0.10565957385505263,-0.43896509691777924,-0.3509305800447386,-0.17562146128703104,-0.44790596567452134,-0.6172798460637314,-0.2524785879885835,-0.3558275122829796,-0.8389198734277742,-0.3216346169888305,-0.48268093433584724,-0.8824880918342412,-0.07219659170150093,-0.6098100149269576,-1.2346658335459264,-0.19355332292607302,-0.671027078025814,-1.4620727921048884,-0.27689227354681095,-0.722111500033432,-1.6793141335979438,-0.3391457934275998,-0.28973876417648764,-0.9571057666389235,-0.09906433061674436,-0.36776558798730663,-1.111657976913946,-0.28371421050941364,-0.34295657717026284,-0.8532840018934393,-0.3410840980323697,-0.3233255672505468,-0.7001618668948519,-0.3409214723760466,-0.09135272432403728,-0.9555901599281927,-0.14420120229084873,-0.1529585432492565,-1.0136173127274963,-0.31133471299483145,-0.1698043714335126,-0.7212574738144838,-0.28642825559639484,-0.17506610039152154,-0.5706858243566468,-0.2290203201104792,0.10352601147267801,-0.8858199533997488,-0.20253198202097256,0.04430116096843013,-0.9255477588813705,-0.29598594253555527,-0.015390505677215725,-0.6992024721318464,-0.2620215420093741,-0.0460599654923396,-0.5646318991321927,-0.21363852537188435,Em
0.0,0.0,0.0,-0.23867606152407753,-0.11246429233715582,-0.11954657857699448,-0.4367691350336679,-0.3409186068163594,-0.2000019445263783,-0.45576811133254136,-0.6085995412268865,-0.2852034031879543,-0.3526590621685682,-0.8362160457275246,-0.3623375964162671,-0.47752040885378483,-0.8894204691642457,-0.08602209439380175,-0.5957697519500634,-1.2520699177078896,-0.2091314171688514,-0.6564795672157479,-1.4810427902916912,-0.2905438278553978,-0.708036806084922,-1.7014148622886858,-0.35227705864256964,-0.2837756234186931,-0.9588907109537208,-0.10891011914715432,-0.35997858995106796,-1.1145325913531459,-0.30208038853911123,-0.3386194763167107,-0.8269243944255938,-0.3574545937658158,-0.3237699988687885,-0.6614728216267232,-0.3531833074337933,-0.08463069899803115,-0.9503580260501449,-0.15126082708372948,-0.14325594170365627,-1.0142771627857121,-0.32558065469621167,-0.1630513674144274,-0.7227735759886743,-0.2980992724326178,-0.17577646275687253,-0.5845778411132869,-0.2375061230465852,0.11162260480546524,-0.8750029511344607,-0.20761694185701146,0.055454955270534984,-0.9371619372547697,-0.30614719856966954,-0.0009668032458608208,-0.712808264457141,-0.27053751172403473,-0.032593936059051684,-0.5810831317333959,-0.22010725135773115,Em
0.0,0.0,0.0,-0.239749166073196,-0.11080174416785606,-0.1147674046639332,-0.43707168006950414,-0.339180774214192,-0.19305980349443064,-0.4527186019971955,-0.6027524579887121,-0.27662755525185195,-0.3549814578185922,-0.8297682030686435,-0.352239956195851,-0.47953047296510204,-0.8865016334962894,-0.08456920917755667,-0.5963255798794547,-1.2456146007151436,-0.20646687997744811,-0.6554618579138624,-1.4753633438916263,-0.28821184555377694,-0.7050158008213366,-1.6959838374279108,-0.35090948700534935,-0.2861643651887237,-0.958180544624099,-0.1095951835890451,-0.3610668718698743,-1.1065016806681955,-0.29971600879465776,-0.33923888481441977,-0.8208387122513483,-0.35439480524544625,-0.32190161294913056,-0.6548460398273781,-0.3515694022951037,-0.08704222247120359,-0.9494289853791824,-0.15366870711102085,-0.15008219578285656,-1.008065152274462,-0.3231706748258456,-0.1695631316928299,-0.7218341913093711,-0.2950173746482572,-0.17845482490732215,-0.5861158559713016,-0.23668157977423224,0.10958527846131885,-0.8734979724993108,-0.21177336128729268,0.04997151642415502,-0.9258893068825066,-0.3081805505284937,-0.008609368262943319,-0.7044879200148431,-0.2735902478837542,-0.03926348126272162,-0.5751710072576127,-0.2254954338640778,G
0.0,0.0,0.0,-0.22991632512956675,-0.0991483852238878,-0.11367265839741514,-0.43083960951222533,-0.31989027705236467,-0.18915503510140771,-0.4473614891225353,-0.5767389364498523,-0.2686582313552185,-0.3515556196207601,-0.8036214367191936,-0.3390506287780931,-0.48217990632176294,-0.8692644101295007,-0.07936561264329202,-0.5918162333959767,-1.2022887663470476,-0.2055470670580164,-0.648146403518203,-1.4171277945304899,-0.2875436275819557,-0.6927689632502266,-1.6298630957480806,-0.34939730745079095,-0.29013343397726643,-0.9569862018276748,-0.10330116747023187,-0.363144483403945,-1.057125819322007,-0.2922571697410785,-0.33726451578253897,-0.7475649875894149,-0.3396626329410093,-0.3147590147711507,-0.6085396300237044,-0.330735064275801,-0.09291821366417108,-0.9546764293721038,-0.14755719611342,-0.1572698177231607,-0.9488502981744007,-0.31347463485992677,-0.17041270225115138,-0.6514911834764663,-0.27520866653937065,-0.17134783178141574,-0.5648949687270151,-0.21030278061544713,0.09969557562698843,-0.884090628444685,-0.20661465440310028,0.0324392081683667,-0.8652909272667093,-0.2931191833123079,-0.014566585903230407,-0.6413564624656591,-0.2507942572142691,-0.03012767464023404,-0.5625069543333455,-0.19817754444632635,A
0.0,0.0,0.0,-0.2553192289561835,-0.12021118990306906,-0.11243899705904226,-0.45011044732108746,-0.3664646546132906,-0.19694108200303503,-0.4837310119887392,-0.6078490260012336,-0.29005074452788604,-0.4278616503852481,-0.8094249919205817,-0.37936812310260987,-0.48080422547924784,-0.9292905311687165,-0.11070485280056834,-0.6186333264351819,-1.3801572454649373,-0.24928680239935538,-0.6716275409041357,-1.7011476001791928,-0.3481722144900074,-0.7039129778612824,-1.9805983810241767,-0.4183329813353126,-0.28330610439497933,-0.9590295361523237,-0.14479273993000166,-0.383512033862228,-1.2418928190255198,-0.36976493455521103,-0.3684844204885087,-0.964187921026764,-0.4444490052523364,-0.3404128675800302,-0.7119420677734898,-0.4423991858161571,-0.07162658937172213,-0.9248947987835168,-0.19372585418646676,-0.1454398008785945,-1.1419667416547963,-0.4035940348438969,-0.16766916364106407,-0.815607002469514,-0.38419633525304975,-0.17635623913736315,-0.5584043244827491,-0.3125119639194335,0.14894045076459114,-0.8367919172288811,-0.25237692272485557,0.0913500542936805,-1.0412202645368192,-0.3838554390298149,0.022801005090589722,-0.8130178153145609,-0.3474735906612442,-0.02584828347497382,-0.6002844128325644,-0.2846239598376564,G
0.0,0.0,0.0,-0.24353612794520466,-0.08227471080315193,-0.10944906008642133,-0.4312892323892778,-0.33057672764551027,-0.1925081840082424,-0.353059797622761,-0.5599907918197289,-0.2836262963397084,-0.175142507562314,-0.6845027475577384,-0.37511170076505834,-0.4685239731049402,-0.9067001725870066,-0.14760086141880147,-0.6289196806667827,-1.3337649370543763,-0.27493424017515405,-0.7107660228858271,-1.611893558560009,-0.34598141936125865,-0.7749990076492888,-1.8469463991411874,-0.3940471431281148,-0.26467128528616723,-0.964338690888719,-0.19243597211384636,-0.3219491126256777,-1.489147629857258,-0.36406214334879894,-0.290570280687256,-1.5597471818177941,-0.4349150057265531,-0.25625311199776246,-1.5646413762064773,-0.44430582051955214,-0.054660959292490735,-0.9047570045035025,-0.24697482649238273,-0.0893518930302361,-1.1027055888748898,-0.44220515456120596,-0.12634489133128843,-0.7747757227679257,-0.4478229739772917,-0.1488925626749037,-0.5383703551671472,-0.39204267424408723,0.14376700823406185,-0.7671783969997558,-0.30849577155301977,0.08552400571851006,-0.8479183126424936,-0.4314410800680326,0.02379791286647141,-0.623015577219397,-0.4036421764269874,-0.013898266180366117,-0.45063734161545044,-0.35080284107979615,D
0.0,0.0,0.0,-0.2609338810341556,-0.09412391892731019,-0.11101828201244561,-0.43203813004161595,-0.36949916874032523,-0.1821132453818811,-0.3221324661678809,-0.5824758611620909,-0.2625662434800173,-0.15863865194688073,-0.7225481317393186,-0.3397691470695828,-0.44976949061763105,-0.9171768214564342,-0.11344939483836729,-0.6072084170625415,-1.3004575346250906,-0.22891566426973586,-0.7022717343826943,-1.5500525044567488,-0.3063272305243782,-0.769822794490242,-1.7718647729889738,-0.3605050341115951,-0.2527127262523485,-0.9675413572504823,-0.15188812676772315,-0.32833664105394433,-1.3788734885165248,-0.283741787229791,-0.3767745094848941,-1.6413039419837223,-0.37132467909582645,-0.4117052256631999,-1.8708162175683918,-0.42015143427936885,-0.05318815959475709,-0.9112179215907241,-0.2043494524569069,-0.08213209252978755,-1.1090216150169825,-0.3873126808406798,-0.12954469163521556,-0.792717761782471,-0.4201898356124096,-0.1589826291887044,-0.5536802283148194,-0.3952274269137104,0.12904057003905647,-0.7839954464711488,-0.26479611172969447,0.0710845996361811,-0.8592035781648015,-0.40442070604366637,-0.0015664042547321642,-0.6333198429969307,-0.4044517972434295,-0.04632514738038001,-0.456202901413059,-0.37456353080448285,Em
0.0,0.0,0.0,-0.25255739386952614,-0.08765042880416689,-0.10852272343424982,-0.42014463840343025,-0.33752538883208244,-0.17491082908243188,-0.3371684810275276,-0.5363280628396065,-0.2503444814724651,-0.19547416762098158,-0.6863849343629351,-0.3239872813297676,-0.4394037761118561,-0.9065276310855886,-0.10458683345241404,-0.5928142883741606,-1.271634740153771,-0.20649737923847084,-0.6802389867559968,-1.5036570090230006,-0.270589618881561,-0.7455018887855225,-1.711222356100569,-0.31605847032355067,-0.24969279581646942,-0.968325104351506,-0.13980539478109125,-0.30656609037849847,-1.386809917995189,-0.2531594242185417,-0.36294220351191564,-1.6446730539760215,-0.33021790776692816,-0.40905105336366576,-1.8605826469993136,-0.37505917836613334,-0.06416441114079192,-0.9043239468141389,-0.1893286865672277,-0.07949445112690869,-1.1534994537200496,-0.3574066643714706,-0.13573675375546593,-0.8558244609837911,-0.3951795865512784,-0.1686002786243642,-0.6170880884552351,-0.3789948588950322,0.09995309588337227,-0.7565370663777273,-0.245721660662069,0.03356752611181963,-0.7952025572874035,-0.38298828859083167,-0.04061376228544526,-0.5853649450624597,-0.3961425913116567,-0.08024010358243402,-0.4202360795713309,-0.3775472398822587,G
0.0,0.0,0.0,-0.2520973798249688,-0.09338715073796698,-0.10059749664537054,-0.42112810112576604,-0.3465689335749204,-0.16252776282908155,-0.33649417876035453,-0.537196072054159,-0.23421894223411163,-0.1946981960357051,-0.6816157262321207,-0.3050714859360019,-0.4341569688233774,-0.9097210483323133,-0.09904526238581428,-0.5866120206069145,-1.2725340136101488,-0.1953528926444322,-0.6783065263963424,-1.5044214663830984,-0.25575908447138324,-0.7468091164892545,-1.711440390064789,-0.2990903405278319,-0.24447114575657208,-0.96965656749824,-0.13671751454558287,-0.30250776326691414,-1.3859211259007935,-0.24321069978861157,-0.35781805952426576,-1.6488244908149585,-0.3167531049224528,-0.3998178591464274,-1.8733862413339537,-0.36048233831996135,-0.057737760634356004,-0.9064929633732036,-0.18787166039096548,-0.07171703626744903,-1.1456212947311428,-0.34924795781095436,-0.1342061187484464,-0.8506576935482673,-0.38647549885577115,-0.16927861219232768,-0.6114547077905622,-0.371595644706271,0.10483296231746486,-0.7611963592749146,-0.24528216496961677,0.03114141288697587,-0.800366709290563,-0.3766270102808804,-0.04440429341462275,-0.5926604626494889,-0.3871624628997711,-0.08325209813897477,-0.4268975462769075,-0.3681770055881435,C
0.0,0.0,0.0,-0.2520789919033806,-0.0937003919429967,-0.10173709646719323,-0.42004238259370336,-0.34655149464537377,-0.16381578209978187,-0.3362782842838739,-0.5394787649935552,-0.23572105121194079,-0.19494853160055575,-0.6859763277071956,-0.30655499865667063,-0.43325387028504775,-0.9085417489733106,-0.09704364349043915,-0.5854192379750313,-1.2687891836106688,-0.1944228973984009,-0.6757978079237084,-1.5007660353313208,-0.25604349344809163,-0.7437277764723907,-1.7077321403403505,-0.30012978861503753,-0.24459891447563029,-0.969624345320054,-0.13402489480127872,-0.30200292533715817,-1.3819389246303984,-0.24160543697372558,-0.3596336197036252,-1.6415046892549243,-0.31622623040668907,-0.4048983462874661,-1.861428099923916,-0.3603669547221706,-0.05929710506891548,-0.9075381723169502,-0.18487657471577973,-0.07445524931480609,-1.1470907485138502,-0.3468593198569157,-0.13634654145659617,-0.8552163673773393,-0.3852275056779493,-0.1713469050309233,-0.6189509411196786,-0.3709929233544104,0.10363620734092147,-0.7640274278102668,-0.24212344046559642,0.029701756205184497,-0.7992188463639678,-0.3735597912390579,-0.04659398144033556,-0.5917960266983625,-0.38561365074655546,-0.0859190263124791,-0.42730605857422804,-0.36766482452253313,D
0.0,0.0,0.0,-0.23728685466724084,-0.10464430375811631,-0.09225937233667164,-0.4038389448780024,-0.3111319347646108,-0.14312978550687963,-0.3393880428782896,-0.4814644970470507,-0.18821293747320825,-0.20195308603759912,-0.6458523886403938,-0.23761696475021202,-0.4227427155971739,-0.9034872234658654,-0.0838787955566998,-0.5810265657332429,-1.247829158585069,-0.14715000421995608,-0.6644150871108552,-1.471714059937211,-0.19122120763513878,-0.7352471664611773,-1.6786913211946106,-0.23343365838065164,-0.2462132631060881,-0.9692156772724284,-0.1307470529157003,-0.3026742362250937,-1.4283976492908939,-0.20506907001695235,-0.3371443939369125,-1.7223887643117473,-0.2682186056803888,-0.37065104017563494,-1.9823757283286165,-0.3116979129968343,-0.0818761445008369,-0.8994585278968489,-0.19325007038267797,-0.08252091443757839,-1.2621436153250423,-0.3328238834205154,-0.10145970911612809,-1.5019662986753188,-0.43570873272265204,-0.12060394634834605,-1.7331648609139991,-0.4982941093826978,0.07549332172931725,-0.725073999092517,-0.2563919959744039,-0.039434627658585214,-0.8561303642440289,-0.40129460746933515,-0.11892420665897138,-0.6590853337219829,-0.4324776549399454,-0.17378300993152054,-0.4715919715847311,-0.4461558626728916,D
0.0,0.0,0.0,-0.23987164806846417,-0.1205476556848796,-0.07589474995347023,-0.4113556903786921,-0.3425538653245246,-0.11372896259646303,-0.3453183786365956,-0.513547938843267,-0.14740550626915666,-0.20138380996326619,-0.6716879408626382,-0.1881322168326456,-0.4320140195741102,-0.8858942409645914,-0.06979901812476712,-0.5856804531974247,-1.2306489609681048,-0.12509391858759225,-0.6679682058150883,-1.4524725479568366,-0.16594153369902687,-0.7431412271116447,-1.6590000004037209,-0.20764612219152903,-0.2665279184390536,-0.9638271985644239,-0.11727719569415576,-0.3428207049372625,-1.3968407224341028,-0.17692362290446942,-0.3799489425799594,-1.6731828919814482,-0.23443714256166845,-0.4204875094756763,-1.9120038876810617,-0.2791809078033883,-0.10753888128824342,-0.9093868828562015,-0.17867472925675745,-0.12234825094476162,-1.2646002968063175,-0.2959181707768944,-0.15388887625074274,-1.513306029549663,-0.3941468726566804,-0.1908596647908978,-1.7429920022461356,-0.4610016953821416,0.046926926921086326,-0.752949756958943,-0.2407540011277713,-0.0696172191709646,-0.8903105967507128,-0.37057358959136655,-0.1393316997788191,-0.7064082141783804,-0.4025320099813998,-0.1877115981418209,-0.5245526699390914,-0.42099778032626956,A
0.0,0.0,0.0,-0.2399933404817647,-0.11531034682830518,-0.06910948336258468,-0.4129995440261,-0.34888242911202905,-0.09912521463218119,-0.3580428755330723,-0.5178741616125767,-0.12613917268116356,-0.226283992369543,-0.6720705792269225,-0.16087619679948584,-0.44919080837300457,-0.8798482923446872,-0.0510152742378664,-0.6016542560204432,-1.2250098174207946,-0.09984823896661356,-0.6808394488673948,-1.4430182251851302,-0.13760166409075983,-0.7557341714521398,-1.6443018662406983,-0.17736862371393716,-0.28379307574513546,-0.9588855459120842,-0.09949492558271253,-0.3628039776283618,-1.3906604337546524,-0.153575003279196,-0.4041139410478542,-1.6598632292088435,-0.21055693739381318,-0.4490153616336578,-1.8957877771926093,-0.2544948889743225,-0.12191768490141075,-0.9138875024843215,-0.16167712041080867,-0.15374266010533705,-1.2630884633576414,-0.2748879430338417,-0.19182015026656224,-1.510395089662136,-0.37418597214087496,-0.22848112182605254,-1.7459648145300952,-0.4427667791884278,0.03588197879058581,-0.7716711614972792,-0.22411895300868162,-0.0903599250211799,-0.8840056172552947,-0.35453642853867956,-0.15139666674877572,-0.6908944656194945,-0.38733788967083754,-0.18296482860960026,-0.51159598843648,-0.4060624082543494,Em
0.0,0.0,0.0,-0.24593541121116913,-0.10938342680143878,-0.06671323656844622,-0.42362242176757403,-0.33134949725585083,-0.09441239079194694,-0.3804297206981175,-0.5236967401569903,-0.12064410712946477,-0.2644516795958581,-0.7024441547787154,-0.151416036418762,-0.45728574967759217,-0.8782549399282562,-0.03773476899633651,-0.6178346663941805,-1.2147404405567102,-0.0856025242966476,-0.6996742437406158,-1.4245021604520671,-0.12176881353612176,-0.7739651938674861,-1.6183498692599672,-0.15925796999983435,-0.29480074792002253,-0.9555587470301318,-0.08354042858789865,-0.38463883504868557,-1.3697712810798062,-0.1418337891977424,-0.43458959527930646,-1.6231090609123358,-0.19705548541859452,-0.48639553651417194,-1.8446275870710427,-0.2379057837206628,-0.1339824628499063,-0.9125229436735374,-0.14375813906142965,-0.1789912958654138,-1.2425487480046304,-0.25408474968276495,-0.23437782529261575,-1.4745086883496294,-0.3450596729779281,-0.2887126022422412,-1.6940961567413142,-0.40616116067646135,0.026635432741934414,-0.7668411959274406,-0.20494361438625006,-0.09537206353746784,-0.8989228815674271,-0.3202497544782124,-0.16627509866931667,-0.7218007963080041,-0.34421760458978395,-0.20998993475042915,-0.5467803453901681,-0.35767322025458187,G
0.0,0.0,0.0,-0.2919383746781529,-0.1654307381894443,-0.09163750180132604,-0.5199840615550245,-0.4533000974228467,-0.14228681223328102,-0.6778692604424278,-0.6765263837310079,-0.1928522498661701,-0.8350861475788044,-0.7975040987367567,-0.24412118983717102,-0.4786211659998582,-0.9131882114635148,-0.057588113212371214,-0.613269959982751,-1.2345935325285575,-0.14550646597457018,-0.6983855192725837,-1.4338382398160539,-0.2317424082269368,-0.7789419678335796,-1.6189441801758824,-0.30366082969951536,-0.28733939973960576,-0.9578288309282004,-0.08671283073274935,-0.3614654646688899,-1.2841491745551803,-0.18909136782670538,-0.4204001390938404,-1.4300230004514203,-0.2863271938864324,-0.4878707048542248,-1.5280397123151674,-0.3546277754838011,-0.0884662373086258,-0.9129815950040355,-0.13169626937342457,-0.12314940250859789,-1.2315669791952528,-0.24054713871192485,-0.18407207641126155,-1.373056523674523,-0.31413166593944497,-0.26432003331018505,-1.448881116597937,-0.3600965979002441,0.11692172708051139,-0.7996283660685778,-0.18459851831899257,0.13893172129804993,-1.0827958329592788,-0.2842237054482348,0.11384957742891037,-1.2206520022463196,-0.3325841702659185,0.05967385588212904,-1.3038678886407387,-0.36292207146986283,C
0.0,0.0,0.0,-0.2858018952238662,-0.08698530413601868,-0.11783536840954131,-0.5260032474087459,-0.3486673228673503,-0.18884704723078283,-0.6933023572816414,-0.5791435201408015,-0.25017890519931485,-0.8513151230899951,-0.751898706119177,-0.3126938742377122,-0.44495216838661394,-0.8841789846072811,-0.14780736746595216,-0.60132262940017,-1.2606276785235786,-0.26049367253084293,-0.7028620381200968,-1.4997270545967274,-0.3451754893774576,-0.7818185503872505,-1.710121628003579,-0.40671576029123424,-0.2568670277613266,-0.9664467548960273,-0.17172880831307913,-0.37099896267557875,-1.4164268479140332,-0.271341345053667,-0.4369436800849848,-1.70761172640133,-0.3533118267040256,-0.49207522517370594,-1.951691694414752,-0.40955261277462945,-0.05493460048653247,-0.9419362885287912,-0.2100039670527927,-0.11848806526472475,-1.3824404529231897,-0.32517942601216304,-0.17277472816184003,-1.6611317851064367,-0.4054727061115372,-0.23339762680411372,-1.9077352327326964,-0.45828428312463704,0.15840919295863565,-0.8298537449324175,-0.25480610403454923,0.2184333901620393,-1.1494542271501944,-0.36984099251513447,0.23256467295825894,-1.3580982523694216,-0.42296578377717264,0.22244715160999573,-1.5437970893580089,-0.453221176218144,Em
0.0,0.0,0.0,-0.28581750130645495,-0.11777406017297642,-0.09407841884140666,-0.5291343131078835,-0.36647517035528926,-0.1489647164916515,-0.6931415614549106,-0.5853096008350633,-0.1986424345273725,-0.8444978351825049,-0.764160825068043,-0.24991681661988172,-0.41961733996553713,-0.8931687002928199,-0.10261039265505609,-0.5690596956124142,-1.2547608706609008,-0.19426174843344615,-0.6586532833107697,-1.485109155142613,-0.2676910166185828,-0.7323054387255779,-1.6869763792663655,-0.3243035665289976,-0.22919611057594189,-0.973380266338321,-0.13267204081501374,-0.3307616023337553,-1.4110778002279174,-0.21328196644855427,-0.4012253279272038,-1.685465554793909,-0.2876481524906513,-0.4739852773353455,-1.9120251894519191,-0.34246977924320143,-0.032822619849424334,-0.9478252784917801,-0.17671054020114077,-0.06809486368929978,-1.3791234922767859,-0.2756221581433628,-0.11387645321509128,-1.6592706827251258,-0.3499993504091294,-0.17577485777989157,-1.9059909713232757,-0.4019941548029173,0.16763604658571035,-0.8377422539220655,-0.2260304588977864,0.2440926535003161,-1.1439452527284548,-0.3229819833948594,0.25738614069391225,-1.3551204267691037,-0.3697376759837675,0.23607713590534213,-1.5466971752396415,-0.4000913474825937,G
0.0,0.0,0.0,-0.2879572377881525,-0.11898282403848194,-0.08626873411539028,-0.5337198200613527,-0.37421263632142215,-0.13608386894509167,-0.6984265459320252,-0.5930168677906588,-0.1830897840733933,-0.8508947448364691,-0.7602243983318273,-0.23305093745490812,-0.4227161616096701,-0.8923043303920764,-0.09094580326693856,-0.5797686932767147,-1.2539841574625092,-0.18141255942274828,-0.6689248063597709,-1.482939581406067,-0.25371201610997546,-0.740714696142136,-1.6856660559078893,-0.30946465139782875,-0.23511417882462704,-0.9719677581667108,-0.12594894288242817,-0.3446806834507325,-1.4051560393340827,-0.20736471222881767,-0.4182838469391973,-1.6735176930369915,-0.28352909211590005,-0.4921846233122502,-1.9003794781389682,-0.3402474526662433,-0.04047487650401106,-0.9481078168022963,-0.1749119273906331,-0.07735579789413487,-1.3736951933632808,-0.27407212154312866,-0.12008858318122027,-1.6520887326966889,-0.35093237376292535,-0.1779739323836311,-1.8972990301484889,-0.40597092250025757,0.15710439386435884,-0.8402127974896331,-0.2288173287491453,0.23462077425017797,-1.1423426891438557,-0.3239620982220794,0.2591444565802206,-1.352765704047113,-0.3706394734673944,0.25161063977035886,-1.544301363128451,-0.4027349771303308,Em
0.0,0.0,0.0,-0.2763406538224325,-0.10772649034637026,-0.1243229734580849,-0.5111214529982668,-0.3236517035281503,-0.1946102742032993,-0.6964912595356126,-0.5303488584097312,-0.25547931694877746,-0.8540553768030705,-0.707030266270973,-0.3138397458680587,-0.36759454954856136,-0.903716189402376,-0.1003689304269257,-0.5019596091148667,-1.2747198112414846,-0.18644536052154556,-0.5748961232091288,-1.5028952978902215,-0.2595600835635845,-0.622139745779791,-1.7006712121904708,-0.31496099484996354,-0.19029247248369754,-0.9817274443123413,-0.11226634835820674,-0.29598862992521413,-1.415180841667202,-0.18437825193556678,-0.35406376687467883,-1.6787013657139984,-0.25305850392434337,-0.3993202293104151,-1.893413981911211,-0.30503413797247414,-0.0017293362336168391,-0.9677273396732345,-0.14313738766733458,-0.04646117675163737,-1.3796445586001094,-0.23074107723661064,-0.08260721455804465,-1.644146171716328,-0.2978477211748695,-0.1237496515807923,-1.8722610224522451,-0.34610641924408947,0.19400775613398402,-0.877013346114852,-0.18436456337824772,0.26243223068350907,-1.180637977813272,-0.26500176260571606,0.29302232107007614,-1.3843672473059818,-0.3060074050091426,0.303032582645649,-1.5722974658980509,-0.3344026875773326,A
0.0,0.0,0.0,-0.27458819096453085,-0.10649489979210504,-0.12038331534334587,-0.5110079977522177,-0.32889479049389825,-0.18670649769541836,-0.6946913877626144,-0.5411163656659614,-0.24414187416775554,-0.8487243299853493,-0.7213131987289225,-0.29876315920696467,-0.3674361618580785,-0.9041455846178597,-0.0932167821894386,-0.4969392751325097,-1.2739549641826622,-0.1741619325486573,-0.567181447199985,-1.5006781807143212,-0.24404731150849018,-0.6123105043905318,-1.6997016557007474,-0.2977968675929474,-0.18992823386148877,-0.9817979761551027,-0.10484072960623138,-0.29085847105561086,-1.4155416421634446,-0.17097829311409285,-0.34650677176944394,-1.678687571921082,-0.23586349950597538,-0.38987855449495856,-1.8957561861706567,-0.2863258368483521,-0.0015433870080221906,-0.9673132017593985,-0.13502535772906002,-0.043096408605807046,-1.3809207034774469,-0.2167206319155045,-0.07573123238758893,-1.6460257131475304,-0.2798951573348075,-0.11418073262929507,-1.874961971040871,-0.32658102931136834,0.1949646375052456,-0.8769680012101262,-0.1757077419397916,0.2667135916803823,-1.1773566657361378,-0.2523916587276199,0.298874704986907,-1.3835941770662152,-0.2916295699074071,0.30996598979622353,-1.5740668191026777,-0.31929889708689907,A
0.0,0.0,0.0,-0.27374855824462924,-0.10561908118320137,-0.11980182293225797,-0.5118650964226729,-0.33036979340683714,-0.18482020535846833,-0.6932468688120603,-0.5448974575683825,-0.24081139966336038,-0.8460030482912462,-0.7225815470755874,-0.29420568612055437,-0.3712896467188464,-0.9015279432090654,-0.09329231642426675,-0.4971301680832145,-1.2672808071096617,-0.17572619472198014,-0.5651063901381608,-1.4934528169427959,-0.24692205935317263,-0.6086352830795874,-1.6923830086410612,-0.3016419421529196,-0.19423815371070727,-0.9809544024280923,-0.10527701344421217,-0.2894039986760744,-1.4104927169755648,-0.1730285344565839,-0.3433611126125585,-1.6730556221431752,-0.23876329333170077,-0.3872661960195893,-1.8905082633871884,-0.2897680998521784,-0.006677621295462703,-0.9689025972624284,-0.13589738997261835,-0.04756019230429508,-1.3807259247916681,-0.22007169036847468,-0.08183850396907735,-1.6416437182652248,-0.2845180600382816,-0.12200790059778413,-1.866270557029918,-0.33172452145799924,0.18879734275676424,-0.8785675766648329,-0.17683848517752637,0.2633501630921133,-1.177809653556323,-0.25560855036283864,0.297119511185784,-1.3842353921755544,-0.29637834240456096,0.3105805874115341,-1.5749023823038923,-0.3251826197726498,A
0.0,0.0,0.0,-0.26966791018277037,-0.10836404970390534,-0.11777030668876393,-0.5079122895242862,-0.33085348954990346,-0.18308640826557984,-0.6891894364714586,-0.5429955427804393,-0.23969129324180471,-0.8381011381768451,-0.7275229779989636,-0.2931425219212418,-0.3676193324469342,-0.9005238946455674,-0.09230318665011177,-0.5016359783150419,-1.2656235401106881,-0.17514189877375458,-0.5754919493827266,-1.4882516167082795,-0.24607098237481503,-0.622990387585633,-1.6832058308688707,-0.30025991807694985,-0.194228889702428,-0.9809562367429865,-0.10426943617299345,-0.29556731814176435,-1.4078901520504725,-0.17183503447509785,-0.35070612846448845,-1.667781532830224,-0.23670937382069313,-0.3931100258302966,-1.8811395359088607,-0.2869620331726575,-0.008004473484728963,-0.9699936195603323,-0.13479560586044398,-0.05385510116264171,-1.380098640259395,-0.21822613261204984,-0.0888791099938058,-1.641902632556803,-0.2823216895998083,-0.12834093401178684,-1.8672659067267037,-0.3294464321989389,0.18829605224453602,-0.8804431527019766,-0.17547225540165928,0.25980503262996996,-1.1772360149307068,-0.2544584908552146,0.2910011800101335,-1.3835873453665324,-0.29612725965001985,0.30182588000910926,-1.5748934701268482,-0.3253527203853998,A
0.0,0.0,0.0,-0.268594382301783,-0.10637999096563021,-0.12094845068122385,-0.5052900647362766,-0.3274408499083401,-0.1858743257186078,-0.6845946791906429,-0.5356645027485774,-0.24136871883562047,-0.8310296125272774,-0.7196007573369549,-0.2936712791541127,-0.3694027279719308,-0.8987378626332695,-0.09347845288813326,-0.5025184196061798,-1.2597989681228734,-0.17678494342698706,-0.5741837459394343,-1.4821713070171008,-0.2483794268490705,-0.6198422628053222,-1.6753791815897627,-0.3026892526252446,-0.19516866100453656,-0.9807696945571351,-0.10343319988068493,-0.29428404427360644,-1.406348989543916,-0.17123690250699464,-0.3506128706796303,-1.6648380185128757,-0.23603207483050576,-0.39702100889862035,-1.8754069187046412,-0.2854734869925951,-0.008440984244642114,-0.9715802803474282,-0.13246230018268157,-0.0534806941639291,-1.3816550896937119,-0.21707933990114878,-0.09037297785097763,-1.640335098165059,-0.2818314435471096,-0.13310091842258592,-1.8612236823975679,-0.3283993766866095,0.18649845370150783,-0.8821518349324636,-0.17177199955162104,0.2569545211768496,-1.1759637321268672,-0.2513679492790168,0.28708710741756777,-1.377705400072281,-0.2928114544075554,0.29646738199085854,-1.5637051387413532,-0.32138424564507084,A
0.0,0.0,0.0,-0.26835454952701193,-0.11033925664232136,-0.1260469567624335,-0.5030046774841898,-0.3284917620768486,-0.1946234148009569,-0.687743846620504,-0.5357547603245512,-0.2535855379944707,-0.8413002967495984,-0.7139652001476612,-0.30978936214868863,-0.35884427814421915,-0.9006276368838977,-0.10084957401051792,-0.4932285654817498,-1.2626742117899075,-0.1891937446627143,-0.5679154971425014,-1.4892748872153376,-0.26370263474658595,-0.6141538065420485,-1.6863290920667116,-0.3198877727571347,-0.18395871618536963,-0.9829339706915367,-0.11101045613447882,-0.2869875946503471,-1.4144241154468946,-0.1847987487228069,-0.344143156422839,-1.6822336873310235,-0.2540857585860373,-0.38732686434015673,-1.8994391491065665,-0.30640101119161267,0.0033031122441145974,-0.9729839729105687,-0.14042216224039317,-0.037784399025308855,-1.3829095305281098,-0.2294341158716665,-0.07148403694236362,-1.6470996711280923,-0.29609247863483534,-0.11040957633817723,-1.8703576495826593,-0.3433526958593629,0.19770238980297056,-0.8835928101541304,-0.18058627903426014,0.2679991241255091,-1.1803567559895565,-0.2618891220801191,0.29789025688231496,-1.3841761221927522,-0.3036287349168523,0.3078828291730188,-1.568818063586327,-0.33231710787578994,A
0.0,0.0,0.0,-0.26504656748239697,-0.1060001569981613,-0.12450804646089825,-0.4952357800924896,-0.3262622234354027,-0.19344691526746907,-0.6775301064510677,-0.5352023734741068,-0.25291477953333674,-0.8324250523830142,-0.7109879307897485,-0.3093244880964971,-0.35760551898824844,-0.9001399567630815,-0.09835886422029473,-0.4886141917514346,-1.2643713483695287,-0.18488584358901802,-0.5590710335034986,-1.4908541852194879,-0.25865410430202634,-0.6014282535313257,-1.688900727566331,-0.3144405397965456,-0.1832623349776676,-0.9830640450034438,-0.10821253057734208,-0.2837476752302414,-1.4143686514799838,-0.17833098881486176,-0.33930046886080356,-1.6800724984808504,-0.2453108718974551,-0.38217346825365817,-1.8962119002288245,-0.29661872042860565,0.003739221884902019,-0.9722274419991342,-0.1370706478675696,-0.03440512561824232,-1.3790563301765535,-0.22079176041629164,-0.06445552153526456,-1.6407824638648496,-0.28405808264895854,-0.10023066377791782,-1.863084203245609,-0.33020676894130163,0.19752064732744837,-0.8807240887784221,-0.17697897210483945,0.2701424771294849,-1.172664610992187,-0.25407221865641394,0.3019787025692583,-1.375093611833986,-0.2936518882584867,0.3132953826290642,-1.5595106785095916,-0.3213124013274144,A
0.0,0.0,0.0,-0.26811545971866424,-0.10930729403270352,-0.12439024000737538,-0.5014790369885085,-0.32926803044984876,-0.19221482755331912,-0.6851643784641571,-0.5376799916495303,-0.2507200709305263,-0.8374732613985626,-0.7160760041286087,-0.306076981127168,-0.35704646231553566,-0.8999734166283755,-0.0938454301944598,-0.48772529757897304,-1.2651163963951728,-0.17829681388335467,-0.5563822145270308,-1.4920667400479657,-0.250621889346773,-0.5967527823259045,-1.690495804856121,-0.30563398965099814,-0.18093176917152412,-0.9834956506789759,-0.103549482211406,-0.2789930756227791,-1.4152382669736339,-0.17236658937717375,-0.3320986759704134,-1.680655924759076,-0.238729605745012,-0.371017777978935,-1.8988460117395243,-0.28975008536658814,0.006747736163558168,-0.9729157958967605,-0.13269775885251922,-0.029032906174267955,-1.3848139738205867,-0.21727633878030828,-0.05642788682027411,-1.6461453149878078,-0.2820401906260564,-0.0886643579909261,-1.869808198730048,-0.3290544636981301,0.2013166774886974,-0.8811752112670472,-0.1727361728034461,0.2764716803992353,-1.170447747614177,-0.251139874618365,0.31128244487055307,-1.3716794530785381,-0.2919889785289408,0.3264103374961855,-1.5578062442675098,-0.3206240420948992,A
0.0,0.0,0.0,-0.265753268836841,-0.1074748888516613,-0.12193897997239934,-0.4987240247813205,-0.33175777821727626,-0.18898430551935277,-0.6765112703741095,-0.5452605340760969,-0.24700123340741686,-0.8302103221042361,-0.7237267208844483,-0.3022491338413911,-0.35942564841499997,-0.900259323259461,-0.09761795270735221,-0.4864333008403235,-1.2673979207281982,-0.1836034992278011,-0.5542593131933095,-1.4955981646892016,-0.2560641038823375,-0.5957127251086379,-1.694657587314812,-0.31076371029391475,-0.18192374453688231,-0.9833126416220221,-0.10915033444057616,-0.2745386391172013,-1.4176513637128203,-0.17925239654855293,-0.32637619524182787,-1.6863145683860905,-0.24586851462519663,-0.3662207960824763,-1.9074419703140828,-0.29690740072433586,0.0057488947136812,-0.972617106915055,-0.13941636910322597,-0.028534410446801172,-1.3823090201867045,-0.2239372466248657,-0.056766989582354446,-1.6456526571064334,-0.2880490819025991,-0.09043755089324093,-1.8695706245304209,-0.3347266489420026,0.19995714972038678,-0.8817928869310784,-0.1803138844557068,0.27570247006397663,-1.1737202835975076,-0.2575809077877139,0.31084395118541797,-1.3753783710517082,-0.29703889928254185,0.32545970824369985,-1.5578399393146107,-0.32474805321662187,A
0.0,0.0,0.0,-0.26966018235930744,-0.10313210982518155,-0.12695841783993236,-0.5020730522775282,-0.32369172407823926,-0.19721289223029886,-0.6836682025834524,-0.5315857212513726,-0.25743163422746185,-0.8339100534744418,-0.7145942600691425,-0.3141011541598024,-0.3603661712846202,-0.8979862334746797,-0.101598735986837,-0.4912627483190796,-1.266062737559019,-0.18964905527237508,-0.5617155442007572,-1.4950323985770435,-0.2639302848458746,-0.6048352066969355,-1.6959735448385331,-0.3198545985737407,-0.1835724981643731,-0.9830061738960195,-0.1106391676877938,-0.2833516614687765,-1.4186088064717892,-0.18202763091638266,-0.3399134382075518,-1.6875478525944672,-0.24968850609655427,-0.3825415919603396,-1.9106429972602943,-0.30125070981428986,0.00512425545447569,-0.9727299825240466,-0.13878946895975858,-0.03283841643095796,-1.3821047746377495,-0.22432294214506682,-0.060146757749577194,-1.646618075772807,-0.28833377218260614,-0.09201202538057061,-1.8748272461567759,-0.33459119568703016,0.20053628940234028,-0.8806173446778848,-0.17803108354289482,0.27614487239637026,-1.1750801847031698,-0.2567828583316656,0.30987459973662046,-1.3786957450918929,-0.29656160929098807,0.32322693299915656,-1.5676043144277758,-0.32397787432793135,A
0.0,0.0,0.0,-0.2673470035046441,-0.10239307209066334,-0.1261142012346014,-0.5011378646106768,-0.32220272575550457,-0.19514581463906483,-0.6788818353224179,-0.531389753967655,-0.25366544995316614,-0.8244922683059421,-0.7141085330035587,-0.30906449158952115,-0.35765104724633334,-0.9005762487078778,-0.10426587209385321,-0.48623115039619863,-1.2642645104243835,-0.1912092995032164,-0.5564468865327564,-1.4901831789297062,-0.26478726748043224,-0.5995646842454553,-1.687614811180253,-0.3204363239895684,-0.18107885857803968,-0.9834685795571073,-0.11315037512387156,-0.27573041474195603,-1.4157805238658463,-0.18476440851379222,-0.3311289477923547,-1.6832638284067942,-0.2526933626896413,-0.3742828850247758,-1.9027010774842978,-0.3046538845918847,0.005947464007285669,-0.9712555759020659,-0.14076897094134633,-0.02971577992533556,-1.378844498702209,-0.22743394753960383,-0.06100015860736127,-1.6420853586961492,-0.2935160017317619,-0.09748288409977912,-1.8666437691859625,-0.341306447876905,0.19921706812557094,-0.8770652174501028,-0.17909766899600538,0.27488053769206183,-1.170531041662155,-0.26022570020422053,0.3072117657731969,-1.3735066198388493,-0.3026312681602722,0.31892264550520877,-1.5593890428578638,-0.3318620665009895,A
0.0,0.0,0.0,-0.2665120535715211,-0.11235296250750794,-0.12091719994300063,-0.4955397572108853,-0.33016424892029533,-0.18920305729286668,-0.6742603164210346,-0.5327788695677169,-0.24841023264874487,-0.8206671488901925,-0.7139793166768995,-0.30482877927998075,-0.3539423324326798,-0.9047139081676089,-0.09690008984078788,-0.4822449871094778,-1.2678722165028031,-0.1820480909405257,-0.5514769302310772,-1.493100872287661,-0.25499150553878913,-0.5941544348530997,-1.6868258680032138,-0.3101757707418922,-0.17759706753286145,-0.9841032880768807,-0.10943125707490114,-0.2713741138173306,-1.414828698953408,-0.17908745201133347,-0.3231764010655497,-1.6800763796873481,-0.24702244056236322,-0.3638957998636988,-1.89607257599959,-0.29888784565365134,0.009291990063918351,-0.9700263192100742,-0.1404752523356929,-0.0257257536947546,-1.3804966242762295,-0.2239449977194252,-0.05452741272257769,-1.643649824325743,-0.28903751912260295,-0.08918512684939021,-1.8662643519140492,-0.33660409214216624,0.20071106476776948,-0.8747432201177567,-0.1818925346593686,0.2700950362121769,-1.1648350800131015,-0.25878664002773166,0.30114296707356397,-1.364729793006916,-0.29833262209094696,0.3128441672826986,-1.5450473611275608,-0.32597337529495657,A
0.0,0.0,0.0,-0.2702523051562103,-0.11598924521958226,-0.11656995913370193,-0.49789812561427443,-0.34057782601490455,-0.18141816760441679,-0.6743145567329929,-0.5445407071841777,-0.23857869316098215,-0.8204167591827858,-0.7178780883075727,-0.29372761559055005,-0.35235753922845764,-0.9055567113786962,-0.09064930491060269,-0.4771733312162785,-1.2723567209463207,-0.17491538434824974,-0.5445087028918025,-1.498617822354286,-0.24757736671835145,-0.5856271065289196,-1.6951017745331476,-0.3023841840059517,-0.1744589537695203,-0.9846644471339686,-0.10461068850480236,-0.2655562086550275,-1.4206001290904284,-0.17375472497838107,-0.31728439081776094,-1.689231594639461,-0.24187854314009022,-0.35685734273640607,-1.9127226652751474,-0.2935734319486723,0.013057040082570826,-0.9712667391392266,-0.13683159511718154,-0.02119158292900859,-1.3852395347204365,-0.21950877256441675,-0.0494193688039057,-1.646878773591992,-0.28434659445691174,-0.08317986708955571,-1.8699582927346172,-0.33141178085418743,0.20492561769768464,-0.8776985158135242,-0.1792697609443175,0.2789581838887529,-1.1673345169827947,-0.25463967686940897,0.3136347161428299,-1.3653085653077608,-0.2928743159618992,0.32900199199722296,-1.5453123219984868,-0.31939704352690523,A
0.0,0.0,0.0,-0.2682549543156099,-0.11114097655910107,-0.12099418216495424,-0.4956678227460227,-0.32900166216540017,-0.18969421749771823,-0.6735563593483329,-0.5319490421720042,-0.2497916089065643,-0.8189794603570798,-0.7166327418434127,-0.3068343369360409,-0.3545290062957684,-0.9020736528406186,-0.09430708321532698,-0.47908242140773427,-1.267727767748448,-0.18005930386645566,-0.5446932131917375,-1.4939836534213218,-0.2536885777315528,-0.5847914055382744,-1.689539185931558,-0.3093463748075805,-0.17643166581655803,-0.9843128909534785,-0.10764902370525489,-0.26878267163091907,-1.418048960612133,-0.1787885105105806,-0.323055745843922,-1.687803117251181,-0.24901838948171925,-0.3663340355047059,-1.9112537061906671,-0.30269170250189764,0.011185989924687919,-0.9711435020158665,-0.1396806650827497,-0.018897226494719508,-1.387010074056822,-0.2247665504689699,-0.04591164424952593,-1.6508412637754406,-0.29168627561085037,-0.08077404371014707,-1.873766513575892,-0.34053101384131423,0.20300802350160352,-0.8750235624416949,-0.18204270287937974,0.27962525290157075,-1.163121425047575,-0.260165719178345,0.31431927748195804,-1.3620559893174193,-0.30052875118024963,0.3276896223147644,-1.541472504176089,-0.32872744126534487,A
0.0,0.0,0.0,-0.2684505741337312,-0.11886490139716799,-0.11816419120567628,-0.49257507243967896,-0.33670108358408035,-0.18577924176893965,-0.6693487171681262,-0.5377990025735073,-0.24602474743674166,-0.8130175586219396,-0.7217731147701247,-0.30411382711674534,-0.34469432209158485,-0.9077678757234463,-0.08996572356877817,-0.4676858266925973,-1.2710346524989233,-0.17634556127737583,-0.5337779592044765,-1.4962510874708612,-0.25099879297698596,-0.5741489963454941,-1.6919082667124317,-0.30747226210957274,-0.16531527954405711,-0.9862407709830648,-0.10584878530543691,-0.2540062715000181,-1.4215383145438831,-0.17940688584349151,-0.307206760257746,-1.693363229130879,-0.25283265682282197,-0.34954935964085904,-1.9210534099834449,-0.3084551242509896,0.022704180994843927,-0.9709033797243368,-0.14035588277676064,-0.005283948841970825,-1.3873509868232932,-0.22878747275715947,-0.03237636892920414,-1.6538929057045244,-0.2991988015575065,-0.06676361696900092,-1.8794253053287489,-0.34962477039060313,0.2141306269020651,-0.8733301114647318,-0.18466986568893048,0.2906905777962568,-1.165772434465577,-0.26469678996140694,0.3256718679764384,-1.365935922547054,-0.30625754958604817,0.33928551240662896,-1.5458792217285293,-0.3351772807077013,A
0.0,0.0,0.0,-0.2654575546726653,-0.11636402624810643,-0.11718513747506415,-0.4932090794957143,-0.3370177311377324,-0.18591870698421353,-0.6706910113254767,-0.5361950896740298,-0.24687050459565935,-0.8172457004708644,-0.7103788315036605,-0.3054969104711838,-0.34716901345572504,-0.9086343267593978,-0.09545499258482043,-0.4713729523872841,-1.2745263211228475,-0.18110490160293483,-0.5395347467432039,-1.4989643155271595,-0.2546804555240236,-0.5818057495980897,-1.6948111253678295,-0.3102799750917418,-0.168509464803968,-0.9857000356454697,-0.11115917685861257,-0.2604930117015368,-1.4238053727349136,-0.18226750758563023,-0.3147345746433832,-1.6969892251157364,-0.25221987634914333,-0.3572114746792366,-1.924831114592132,-0.3059491831642433,0.02002883404149755,-0.9704789846724782,-0.1451140623851094,-0.010298933847068276,-1.3891899578461766,-0.23066640843821717,-0.037576355373593676,-1.6572582600102252,-0.2988198734262224,-0.0714233111678233,-1.8849642429655398,-0.348392316302112,0.21219658005135222,-0.8746864597740305,-0.18888069613049827,0.2910599942427285,-1.1723656049508895,-0.26695908237680316,0.3272525959193192,-1.3765894818202373,-0.30802340550725854,0.34158534077744973,-1.5609482356778905,-0.33690099448779043,A
0.0,0.0,0.0,-0.2679455447356708,-0.11066590692944595,-0.12016040412375552,-0.49870124569661733,-0.3275214222130314,-0.18889907120218186,-0.6798108999065998,-0.529641956788634,-0.24963541355078556,-0.8272687308495374,-0.7097497613655314,-0.30796634289228103,-0.3515419143223159,-0.9017949197885569,-0.09446621429803458,-0.48178571249524976,-1.2669715009565645,-0.18077992475867305,-0.5521842905055924,-1.4929275487254194,-0.2550567267482353,-0.5947597930306919,-1.6903320769055856,-0.311145787507012,-0.17501204172464513,-0.9845662929693313,-0.10876242274677546,-0.2702190646687669,-1.422972179241927,-0.18062771746261602,-0.3255662380889213,-1.697321125252423,-0.251944647678668,-0.36782818462198663,-1.9273222126121132,-0.3063047291505757,0.011998057521415327,-0.9729350863989622,-0.1416535381459505,-0.020296536722182304,-1.390640182930682,-0.227412730092475,-0.04811268147284521,-1.658115632669149,-0.29631040076918663,-0.08216529239129357,-1.8853435897288624,-0.3462706906108718,0.2036235480160779,-0.8796347324368904,-0.18480559115392603,0.27967234764507476,-1.1715794990964103,-0.26250511550413497,0.31584552435416346,-1.3713300809319156,-0.30322685564606927,0.33113926566380497,-1.5510092554236654,-0.33175468526699065,A
0.0,0.0,0.0,-0.2706232309503594,-0.11314310987931317,-0.12347913772933643,-0.4996190545713765,-0.3301751319935992,-0.19681321558352924,-0.679954716943446,-0.5320964891119853,-0.26123561381449645,-0.8260154295907677,-0.7138670611240363,-0.32338680398196884,-0.35075784429223955,-0.9071244241408785,-0.10434858216342592,-0.4772044086479084,-1.2756564844482337,-0.19302077909702278,-0.5472197580439121,-1.5037176777361818,-0.2686627255017116,-0.5917026840334947,-1.7033836574559145,-0.32623220313587986,-0.1689724868936955,-0.9856207681826513,-0.1196902006529528,-0.2608466971110596,-1.426634065254651,-0.19484956173784382,-0.31690439927423636,-1.7032215029712612,-0.2688084888099454,-0.36246471941073066,-1.9371127438217897,-0.32547717889119365,0.021568485525972233,-0.9682678144908952,-0.15337615875182978,-0.007229084461562306,-1.3918039363862582,-0.2427528657177552,-0.03439808048439485,-1.6640365930138943,-0.3141048837379541,-0.06957203018459726,-1.8991609593362817,-0.36612656926152826,0.21486584180136126,-0.8691189517355639,-0.1970337238681531,0.2924627011009092,-1.168582412149241,-0.27832549063961504,0.3297150883286187,-1.3719602510288853,-0.3205283161252607,0.3452545295328172,-1.557064564120042,-0.3502868756389974,A
0.0,0.0,0.0,-0.2713891624090147,-0.11450023976594811,-0.12090263374338274,-0.49997355730042714,-0.32811352447459136,-0.19279582887173605,-0.6790527788943321,-0.526665507243135,-0.25670118349615256,-0.8233944647689618,-0.7112591731358903,-0.31872494264718504,-0.3483092627759896,-0.9050923231609133,-0.10148884294607854,-0.4739834194854254,-1.2686943800541501,-0.19164735709781128,-0.5450398530691671,-1.4953018918805592,-0.2689420088010193,-0.5899743486165285,-1.6938726345346276,-0.3276835696471262,-0.1680041548164513,-0.9857862871659403,-0.11830711038289125,-0.2596433094683765,-1.4216979620471042,-0.1950840538830437,-0.3171945495651573,-1.6972549456901898,-0.27052111615227714,-0.3637351799270564,-1.9285502642955978,-0.3282957612319651,0.02080880173989133,-0.9689521760437566,-0.1534272019568628,-0.007472687734005521,-1.388273377803205,-0.2437417854286758,-0.033471724469063865,-1.6549701637175158,-0.31494978626061115,-0.06800554707244921,-1.8830386617569992,-0.36671916349805733,0.2112810461197584,-0.8681656531077171,-0.19850191562295366,0.2885381028921193,-1.1658867199641771,-0.28048968038688377,0.32412103601677056,-1.3668498290453506,-0.3229755599144851,0.3376279130832017,-1.5482552764443183,-0.35287806584287923,A
0.0,0.0,0.0,-0.2723973908533387,-0.10782379038620958,-0.12436091799447248,-0.5024878425485163,-0.32291603468410657,-0.19793250494866532,-0.6812516237172458,-0.5282350845454455,-0.2622474710305168,-0.8293050553398885,-0.7126793030850078,-0.32397366580993014,-0.3537735847716933,-0.9032511382351494,-0.10479366611215384,-0.47865857268127965,-1.2726890916685392,-0.19278419935414245,-0.5475416359629711,-1.5011574273470885,-0.267911903070643,-0.5902222753426337,-1.7025059426680993,-0.32557195570925634,-0.17095439230888776,-0.9852789431172773,-0.11937409800223663,-0.2631805029113456,-1.4255738293670193,-0.19350933480584998,-0.31818257938008987,-1.7030144756755548,-0.26670944197504554,-0.36175345465406294,-1.9376651128445979,-0.32364085799585923,0.019591009795086482,-0.9700510834748558,-0.1524521149072482,-0.00940264678019568,-1.3947864844800328,-0.24137174547151324,-0.035176806833313506,-1.6659764428850545,-0.31260733470552343,-0.06922790540691875,-1.9002171253334952,-0.3653255292965426,0.2131776672383544,-0.8725456387892767,-0.1956588840642058,0.29370048602402626,-1.1694544661049748,-0.27807501525129374,0.33136757681230405,-1.372098928203211,-0.3219317433066393,0.345755156592621,-1.5561827842968607,-0.35322292266649896,A
0.0,0.0,0.0,-0.26938920529683275,-0.10575593200066248,-0.12240075854499702,-0.4992015470522794,-0.32249089736917697,-0.19366340997063974,-0.6777555445230881,-0.5280184826148286,-0.255952058280943,-0.8262255925097147,-0.7100769969862757,-0.3157833688234238,-0.3535106928914597,-0.9026635975921996,-0.1007927354976284,-0.479957470976024,-1.2717893285969972,-0.1864781631194112,-0.5473926517075117,-1.499228986920614,-0.25979234598375783,-0.5896307290020786,-1.699033932996704,-0.31608343672374545,-0.17037243070955052,-0.9853797414469811,-0.11528690992688823,-0.26406580875496716,-1.4247575182642962,-0.1874039554141568,-0.32153252125560544,-1.69754186057924,-0.25952013785417954,-0.36837593978348737,-1.9281624990745583,-0.31564964192385564,0.021018137825417258,-0.9718079146940733,-0.14813542685723688,-0.0076953531970675,-1.3955058491487125,-0.23626402767318427,-0.035324493490445565,-1.6643470648679672,-0.30713003318345833,-0.07054651147633079,-1.8963000060520079,-0.359244429488905,0.21548684763921205,-0.8757365235215542,-0.19087837164944857,0.29544875033241763,-1.1735913890106937,-0.2723818735590862,0.3344156060239622,-1.3751300607330867,-0.315561217434105,0.35057160820747346,-1.5577943434240447,-0.3462654707703597,A
0.0,0.0,0.0,-0.2728922670889358,-0.10477475248106366,-0.130334569556207,-0.5054331354531956,-0.3160301710316557,-0.2092781129884405,-0.6890065408136661,-0.5207486228035832,-0.2779852560194523,-0.8420695272742121,-0.7058765119051081,-0.34408867247611397,-0.3597436554138045,-0.902559625511778,-0.11627026978859695,-0.4860344329292691,-1.2757080078389051,-0.20914314623629368,-0.555397634135161,-1.5078587850752079,-0.2864734441632623,-0.5983806777808528,-1.7114001025640295,-0.34534225677927194,-0.17621288564143978,-0.9843520807789847,-0.13030332796147429,-0.27157595456419686,-1.4308050058906383,-0.21007092971281238,-0.3293079713091229,-1.7119340275438146,-0.2860227994737499,-0.3758447157266481,-1.94865024315706,-0.34427985878427253,0.016115762239776697,-0.9678731809439617,-0.16310687991478104,-0.012505704081366632,-1.3963110998882045,-0.25852498917649375,-0.03937543580843723,-1.6727592730380134,-0.3340170868016146,-0.07563920878149474,-1.9105750702697932,-0.38892281123873435,0.2137353885920818,-0.8690595697700181,-0.20596292035208139,0.29753465688564956,-1.1702814699304762,-0.29375313391317576,0.33633108180504023,-1.375819186580748,-0.34089908942798913,0.34938884324274283,-1.5626234629008138,-0.3742158305183026,A
0.0,0.0,0.0,-0.27264942735053066,-0.10599209729976053,-0.12404388896209322,-0.5047311942178914,-0.31727890739293313,-0.1974114598041335,-0.6860213260897561,-0.5201665417010536,-0.2613608128809762,-0.8313882146532353,-0.707251366089437,-0.32276009817289425,-0.3601288296629246,-0.9007324914366688,-0.106526570182772,-0.48556635567903955,-1.2708320184576989,-0.19606274391769687,-0.5535363181368151,-1.498675814813913,-0.2716256967673808,-0.5955897108291622,-1.6976554006806603,-0.3286174482086816,-0.1775791703561987,-0.9841065177386055,-0.12051005601206018,-0.27033010648366157,-1.4243590036112483,-0.1954430421014642,-0.32624600154754435,-1.6999866333946876,-0.26884557391410935,-0.3707236356191028,-1.9320485471834514,-0.32526739159756923,0.013481563905852575,-0.9694804539320651,-0.152800569462599,-0.012992095277173208,-1.3882973903611273,-0.24243753517193067,-0.03648394237663654,-1.6572608831071929,-0.3137442135736101,-0.06816801195699056,-1.8866783668268527,-0.3655823765349607,0.20774694601850519,-0.8720725871742172,-0.1950294663777847,0.28748292574798634,-1.170180880587252,-0.27720281759073107,0.3264079545402195,-1.370263335050478,-0.3199237550106871,0.3425329859416683,-1.5501938318426778,-0.3496990714056398,A
